﻿<?xml version="1.0" encoding="utf-8"?>
<unattend xmlns="urn:schemas-microsoft-com:unattend">
	<settings pass="oobeSystem">
		<component name="Microsoft-Windows-International-Core" processorArchitecture="amd64" publicKeyToken="31bf3856ad364e35" language="neutral" versionScope="nonSxS" xmlns:wcm="http://schemas.microsoft.com/WMIConfig/2002/State" xmlns:xsi="http://www.w3.org/2001/XMLSchema-instance">
			<InputLocale>0409:00000409</InputLocale>
			<SystemLocale>en-US</SystemLocale>
			<UILanguage>en-US</UILanguage>
			<UILanguageFallback>en-US</UILanguageFallback>
			<UserLocale>en-US</UserLocale>
		</component>
		<component name="Microsoft-Windows-Shell-Setup" processorArchitecture="amd64" publicKeyToken="31bf3856ad364e35" language="neutral" versionScope="nonSxS" xmlns:wcm="http://schemas.microsoft.com/WMIConfig/2002/State" xmlns:xsi="http://www.w3.org/2001/XMLSchema-instance">
			<TimeZone>Eastern Standard Time</TimeZone>
			<OOBE>
				<HideEULAPage>true</HideEULAPage>
				<HideLocalAccountScreen>true</HideLocalAccountScreen>
				<HideOnlineAccountScreens>true</HideOnlineAccountScreens>
				<HideWirelessSetupInOOBE>true</HideWirelessSetupInOOBE>
				<NetworkLocation>Home</NetworkLocation>
				<ProtectYourPC>3</ProtectYourPC>
				<SkipMachineOOBE>true</SkipMachineOOBE>
				<SkipUserOOBE>true</SkipUserOOBE>
			</OOBE>
		</component>
	</settings>
	<settings pass="specialize">
		<component name="Microsoft-Windows-Security-SPP-UX" processorArchitecture="amd64" publicKeyToken="31bf3856ad364e35" language="neutral" versionScope="nonSxS" xmlns:wcm="http://schemas.microsoft.com/WMIConfig/2002/State" xmlns:xsi="http://www.w3.org/2001/XMLSchema-instance">
			<SkipAutoActivation>true</SkipAutoActivation>
		</component>
		<component name="Microsoft-Windows-Shell-Setup" processorArchitecture="amd64" publicKeyToken="31bf3856ad364e35" language="neutral" versionScope="nonSxS" xmlns:wcm="http://schemas.microsoft.com/WMIConfig/2002/State" xmlns:xsi="http://www.w3.org/2001/XMLSchema-instance">
			<ComputerName>NANO11</ComputerName>
		</component>
	</settings>
	<settings pass="windowsPE">
		<component name="Microsoft-Windows-International-Core-WinPE" processorArchitecture="amd64" publicKeyToken="31bf3856ad364e35" language="neutral" versionScope="nonSxS" xmlns:wcm="http://schemas.microsoft.com/WMIConfig/2002/State" xmlns:xsi="http://www.w3.org/2001/XMLSchema-instance">
			<InputLocale>0409:00000409</InputLocale>
			<SystemLocale>en-US</SystemLocale>
			<UILanguage>en-US</UILanguage>
			<UILanguageFallback>en-US</UILanguageFallback>
			<UserLocale>en-US</UserLocale>
			<SetupUILanguage>
				<UILanguage>en-US</UILanguage>
			</SetupUILanguage>
		</component>
		<component name="Microsoft-Windows-Setup" processorArchitecture="amd64" publicKeyToken="31bf3856ad364e35" language="neutral" versionScope="nonSxS" xmlns:wcm="http://schemas.microsoft.com/WMIConfig/2002/State" xmlns:xsi="http://www.w3.org/2001/XMLSchema-instance">
			<Diagnostics>
				<OptIn>false</OptIn>
			</Diagnostics>
			<DynamicUpdate>
				<Enable>false</Enable>
				<WillShowUI>OnError</WillShowUI>
			</DynamicUpdate>
			<ImageInstall>
				<OSImage>
					<Compact>true</Compact>
					<WillShowUI>OnError</WillShowUI>
					<InstallFrom>
						<MetaData wcm:action="add">
							<Key>/IMAGE/INDEX</Key>
							<Value>1</Value>
						</MetaData>
					</InstallFrom>
				</OSImage>
			</ImageInstall>
			<UserData>
				<AcceptEula>true</AcceptEula>
				<ProductKey>
					<WillShowUI>OnError</WillShowUI>
				</ProductKey>
			</UserData>
		</component>
	</settings>
</unattend>
