﻿<?xml version="1.0" encoding="utf-8"?>
<Preset isAutoSaved="true" xmlns="urn:schemas-nliteos-com:pn.v1">
	<Date>05/01/2025 14:13:31</Date>
	<AppInfo>
		<Version>2025.4.10406</Version>
		<Licensed>Yes</Licensed>
		<Protections>Yes</Protections>
		<Host>Windows 10 IoTEnterpriseS 21H2 x64 - 10.0.19044.5011 (en-US)</Host>
	</AppInfo>
	<ImageInfo>
		<Version mode="offline">Windows 11 Professional 24H2 x64 - 10.0.26100.1742 (en-US)</Version>
		<GUID>{046FE011-BAB3-4A13-A732-922E463E5159}</GUID>
	</ImageInfo>
	<RemoveComponents AppRemovalMode="DISM">
		<c>1527c705-839a-4832-9118-54d4bd6a0c89 'File Picker'</c>
		<c>3daudio 'Spatial Sound (3D Audio)'</c>
		<c>aarsvc 'Agent Activation Runtime'</c>
		<c>accessibility 'Accessibility tools (Ease of Access)'</c>
		<c>accessibility_cursors 'Mouse Pointers (Accessibility tools)'</c>
		<c>accessibility_magnifier 'Screen Magnifier'</c>
		<c>accessibility_narrator 'Narrator'</c>
		<c>aclui32 'Access Control List (ACL) UI - 32 bit'</c>
		<c>actioncenter 'Action Center'</c>
		<c>activedirectory 'Active Directory'</c>
		<c>adamclient 'Active Directory Lightweight Directory Services (AD LDS)'</c>
		<c>afunix 'Unix socket (AF_UNIX)'</c>
		<c>alg 'Application Layer Gateway Service'</c>
		<c>appid 'Application Identity Service'</c>
		<c>appv 'Application Virtualization (App-V)'</c>
		<c>asimov 'Telemetry Client'</c>
		<c>assembly.net '.NET assembly cache'</c>
		<c>assignedaccess 'Assigned Access'</c>
		<c>audit 'Windows Audit'</c>
		<c>auditpol 'Windows Audit (Tools)'</c>
		<c>autopilot</c>
		<c>autoplay</c>
		<c>axinstall 'ActiveX Installer Service'</c>
		<c>azman 'Authorization Manager'</c>
		<c>azman32 'Authorization Manager - 32 bit'</c>
		<c>azuread 'Azure Active Directory'</c>
		<c>backgroundtransfer 'Networking Background Transfer'</c>
		<c>backup 'Backup and Restore'</c>
		<c>bingsearch 'Bing Search (InboxApp)'</c>
		<c>biometric 'Biometric - Support'</c>
		<c>biometricservice 'Biometric - Service'</c>
		<c>branchcacheclient 'BranchCache Client'</c>
		<c>captureservice 'Capture Service'</c>
		<c>ceip 'CEIP (SQM)'</c>
		<c>clipboardusersvc 'Clipboard User Service'</c>
		<c>clipchamp.clipchamp</c>
		<c>clouddesktop 'Cloud Desktop'</c>
		<c>clouddownload 'Windows Recovery (WinRE) - Cloud download'</c>
		<c>cloudfiles 'Cloud Files API'</c>
		<c>cloudid 'Microsoft Cloud Identity Service'</c>
		<c>cloudnotifications 'Cloud Notifications'</c>
		<c>componentpackagesupport 'Component Package Support'</c>
		<c>consentux 'Consent UX'</c>
		<c>containers 'Containers (Application Guard)'</c>
		<c>copilotpwa 'Windows Copilot (InboxApp)'</c>
		<c>datacenterbridging 'Data Center Bridging (DCB)'</c>
		<c>dcsvc 'Declared Configuration (DC) service'</c>
		<c>desktopactivitymoderator 'Desktop Activity Moderator (DAM)'</c>
		<c>desktopimgdownldr 'Desktop image downloader'</c>
		<c>devicecenter 'Device Center (Devices and Printers)'</c>
		<c>deviceexperience 'Device Experience'</c>
		<c>deviceguard 'Device Guard'</c>
		<c>devicesync 'Microsoft Sync Framework'</c>
		<c>deviceupdatecenter 'Device Update Center'</c>
		<c>devquerybroker 'DevQuery Background Discovery Broker'</c>
		<c>diagnostics 'Diagnostics and Troubleshooting'</c>
		<c>directaccess 'Direct Access Connection'</c>
		<c>directml 'Direct Machine Learning (DirectML)'</c>
		<c>diskdiagnosis 'Disk failure diagnostics'</c>
		<c>diskquota 'Disk Quota'</c>
		<c>diskquota32 'Disk Quota - 32 bit'</c>
		<c>displayswitch 'Display Switch'</c>
		<c>domainclientssvc 'IPsec Policy Agent'</c>
		<c>driver_1394.inf</c>
		<c>driver_3ware.inf</c>
		<c>driver_61883.inf</c>
		<c>driver_acpidev.inf</c>
		<c>driver_acpipmi.inf</c>
		<c>driver_adp80xx.inf</c>
		<c>driver_amdsbs.inf</c>
		<c>driver_apxunit.inf</c>
		<c>driver_arcsas.inf</c>
		<c>driver_bcmdhd64.inf</c>
		<c>driver_bcmfn2.inf</c>
		<c>driver_bcmwdidhdpcie.inf</c>
		<c>driver_c_1394.inf</c>
		<c>driver_c_barcodescanner.inf</c>
		<c>driver_c_biometric.inf</c>
		<c>driver_c_cashdrawer.inf</c>
		<c>driver_c_dot4.inf</c>
		<c>driver_c_dot4print.inf</c>
		<c>driver_c_fdc.inf</c>
		<c>driver_c_floppydisk.inf</c>
		<c>driver_c_fsantivirus.inf</c>
		<c>driver_c_infrared.inf</c>
		<c>driver_c_legacydriver.inf</c>
		<c>driver_c_linedisplay.inf</c>
		<c>driver_c_magneticstripereader.inf</c>
		<c>driver_c_multiportserial.inf</c>
		<c>driver_c_netdriver.inf</c>
		<c>driver_c_pcmcia.inf</c>
		<c>driver_c_pnpprinters.inf</c>
		<c>driver_c_proximity.inf</c>
		<c>driver_c_receiptprinter.inf</c>
		<c>driver_c_sbp2.inf</c>
		<c>driver_c_securitydevices.inf</c>
		<c>driver_c_sensor.inf</c>
		<c>driver_c_smartcard.inf</c>
		<c>driver_c_smartcardfilter.inf</c>
		<c>driver_c_smartcardreader.inf</c>
		<c>driver_c_sslaccel.inf</c>
		<c>driver_c_tapedrive.inf</c>
		<c>driver_cdrom.inf</c>
		<c>driver_cht4nulx64.inf</c>
		<c>driver_cht4sx64.inf</c>
		<c>driver_cht4vx64.inf</c>
		<c>driver_circlass.inf</c>
		<c>driver_dc21x4vm.inf</c>
		<c>driver_e2xw10x64.inf</c>
		<c>driver_eaphost.inf</c>
		<c>driver_ehstorpwddrv.inf</c>
		<c>driver_ehstortcgdrv.inf</c>
		<c>driver_errdev.inf</c>
		<c>driver_escl.inf</c>
		<c>driver_fdc.inf</c>
		<c>driver_flpydisk.inf</c>
		<c>driver_fusionv2.inf</c>
		<c>driver_genericusbfn.inf</c>
		<c>driver_hidir.inf</c>
		<c>driver_hidirkbd.inf</c>
		<c>driver_hidscanner.inf</c>
		<c>driver_hidtelephonydriver.inf</c>
		<c>driver_hpsamd.inf</c>
		<c>driver_hsp.inf</c>
		<c>driver_iagpio.inf</c>
		<c>driver_iai2c.inf</c>
		<c>driver_ialpss2i_gpio2_bxt_p.inf</c>
		<c>driver_ialpss2i_gpio2_cnl.inf</c>
		<c>driver_ialpss2i_gpio2_glk.inf</c>
		<c>driver_ialpss2i_gpio2_skl.inf</c>
		<c>driver_ialpss2i_i2c_bxt_p.inf</c>
		<c>driver_ialpss2i_i2c_cnl.inf</c>
		<c>driver_ialpss2i_i2c_glk.inf</c>
		<c>driver_ialpss2i_i2c_skl.inf</c>
		<c>driver_ialpssi_gpio.inf</c>
		<c>driver_ialpssi_i2c.inf</c>
		<c>driver_iastorv.inf</c>
		<c>driver_idtsec.inf</c>
		<c>driver_image.inf</c>
		<c>driver_ipmidrv.inf</c>
		<c>driver_ipoib6x.inf</c>
		<c>driver_iscsi.inf</c>
		<c>driver_itsas35i.inf</c>
		<c>driver_kdnic.inf</c>
		<c>driver_lsi_sas.inf</c>
		<c>driver_lsi_sas2i.inf</c>
		<c>driver_lsi_sas3i.inf</c>
		<c>driver_mausbhost.inf</c>
		<c>driver_mchgr.inf</c>
		<c>driver_mdm3com.inf</c>
		<c>driver_mdm5674a.inf</c>
		<c>driver_mdmadc.inf</c>
		<c>driver_mdmagm64.inf</c>
		<c>driver_mdmags64.inf</c>
		<c>driver_mdmairte.inf</c>
		<c>driver_mdmaiwa.inf</c>
		<c>driver_mdmaiwa3.inf</c>
		<c>driver_mdmaiwa4.inf</c>
		<c>driver_mdmaiwa5.inf</c>
		<c>driver_mdmaiwat.inf</c>
		<c>driver_mdmar1.inf</c>
		<c>driver_mdmarch.inf</c>
		<c>driver_mdmarn.inf</c>
		<c>driver_mdmati.inf</c>
		<c>driver_mdmatm2k.inf</c>
		<c>driver_mdmaus.inf</c>
		<c>driver_mdmboca.inf</c>
		<c>driver_mdmbsb.inf</c>
		<c>driver_mdmbtmdm.inf</c>
		<c>driver_mdmbug3.inf</c>
		<c>driver_mdmbw561.inf</c>
		<c>driver_mdmc26a.inf</c>
		<c>driver_mdmcdp.inf</c>
		<c>driver_mdmcm28.inf</c>
		<c>driver_mdmcodex.inf</c>
		<c>driver_mdmcom1.inf</c>
		<c>driver_mdmcommu.inf</c>
		<c>driver_mdmcomp.inf</c>
		<c>driver_mdmcpq.inf</c>
		<c>driver_mdmcpq2.inf</c>
		<c>driver_mdmcpv.inf</c>
		<c>driver_mdmcrtix.inf</c>
		<c>driver_mdmcxhv6.inf</c>
		<c>driver_mdmcxpv6.inf</c>
		<c>driver_mdmdcm5.inf</c>
		<c>driver_mdmdcm6.inf</c>
		<c>driver_mdmdf56f.inf</c>
		<c>driver_mdmdgitn.inf</c>
		<c>driver_mdmdp2.inf</c>
		<c>driver_mdmdsi.inf</c>
		<c>driver_mdmdyna.inf</c>
		<c>driver_mdmeiger.inf</c>
		<c>driver_mdmelsa.inf</c>
		<c>driver_mdmeric.inf</c>
		<c>driver_mdmeric2.inf</c>
		<c>driver_mdmetech.inf</c>
		<c>driver_mdmfj2.inf</c>
		<c>driver_mdmgatew.inf</c>
		<c>driver_mdmgcs.inf</c>
		<c>driver_mdmgen.inf</c>
		<c>driver_mdmgl001.inf</c>
		<c>driver_mdmgl002.inf</c>
		<c>driver_mdmgl003.inf</c>
		<c>driver_mdmgl004.inf</c>
		<c>driver_mdmgl005.inf</c>
		<c>driver_mdmgl006.inf</c>
		<c>driver_mdmgl007.inf</c>
		<c>driver_mdmgl008.inf</c>
		<c>driver_mdmgl009.inf</c>
		<c>driver_mdmgl010.inf</c>
		<c>driver_mdmgsm.inf</c>
		<c>driver_mdmhaeu.inf</c>
		<c>driver_mdmhandy.inf</c>
		<c>driver_mdmhay2.inf</c>
		<c>driver_mdmhayes.inf</c>
		<c>driver_mdminfot.inf</c>
		<c>driver_mdmiodat.inf</c>
		<c>driver_mdmirmdm.inf</c>
		<c>driver_mdmisdn.inf</c>
		<c>driver_mdmjf56e.inf</c>
		<c>driver_mdmke.inf</c>
		<c>driver_mdmkortx.inf</c>
		<c>driver_mdmlasat.inf</c>
		<c>driver_mdmlasno.inf</c>
		<c>driver_mdmlucnt.inf</c>
		<c>driver_mdmmc288.inf</c>
		<c>driver_mdmmcd.inf</c>
		<c>driver_mdmmcom.inf</c>
		<c>driver_mdmmct.inf</c>
		<c>driver_mdmmega.inf</c>
		<c>driver_mdmmetri.inf</c>
		<c>driver_mdmmhrtz.inf</c>
		<c>driver_mdmmhzel.inf</c>
		<c>driver_mdmminij.inf</c>
		<c>driver_mdmmod.inf</c>
		<c>driver_mdmmot64.inf</c>
		<c>driver_mdmmoto1.inf</c>
		<c>driver_mdmmotou.inf</c>
		<c>driver_mdmmts.inf</c>
		<c>driver_mdmneuhs.inf</c>
		<c>driver_mdmnis1u.inf</c>
		<c>driver_mdmnis2u.inf</c>
		<c>driver_mdmnis3t.inf</c>
		<c>driver_mdmnis5t.inf</c>
		<c>driver_mdmnokia.inf</c>
		<c>driver_mdmnova.inf</c>
		<c>driver_mdmntt1.inf</c>
		<c>driver_mdmnttd2.inf</c>
		<c>driver_mdmnttd6.inf</c>
		<c>driver_mdmnttme.inf</c>
		<c>driver_mdmnttp.inf</c>
		<c>driver_mdmnttp2.inf</c>
		<c>driver_mdmnttte.inf</c>
		<c>driver_mdmolic.inf</c>
		<c>driver_mdmomrn3.inf</c>
		<c>driver_mdmoptn.inf</c>
		<c>driver_mdmosi.inf</c>
		<c>driver_mdmpace.inf</c>
		<c>driver_mdmpenr.inf</c>
		<c>driver_mdmpin.inf</c>
		<c>driver_mdmpn1.inf</c>
		<c>driver_mdmpp.inf</c>
		<c>driver_mdmpsion.inf</c>
		<c>driver_mdmracal.inf</c>
		<c>driver_mdmrock.inf</c>
		<c>driver_mdmrock3.inf</c>
		<c>driver_mdmrock4.inf</c>
		<c>driver_mdmrock5.inf</c>
		<c>driver_mdmsier.inf</c>
		<c>driver_mdmsii64.inf</c>
		<c>driver_mdmsmart.inf</c>
		<c>driver_mdmsonyu.inf</c>
		<c>driver_mdmsun1.inf</c>
		<c>driver_mdmsun2.inf</c>
		<c>driver_mdmsupr3.inf</c>
		<c>driver_mdmsupra.inf</c>
		<c>driver_mdmsuprv.inf</c>
		<c>driver_mdmtdk.inf</c>
		<c>driver_mdmtdkj2.inf</c>
		<c>driver_mdmtdkj3.inf</c>
		<c>driver_mdmtdkj4.inf</c>
		<c>driver_mdmtdkj5.inf</c>
		<c>driver_mdmtdkj6.inf</c>
		<c>driver_mdmtdkj7.inf</c>
		<c>driver_mdmtexas.inf</c>
		<c>driver_mdmti.inf</c>
		<c>driver_mdmtkr.inf</c>
		<c>driver_mdmtron.inf</c>
		<c>driver_mdmusrf.inf</c>
		<c>driver_mdmusrg.inf</c>
		<c>driver_mdmusrgl.inf</c>
		<c>driver_mdmusrk1.inf</c>
		<c>driver_mdmusrsp.inf</c>
		<c>driver_mdmvdot.inf</c>
		<c>driver_mdmvv.inf</c>
		<c>driver_mdmwhql0.inf</c>
		<c>driver_mdmx5560.inf</c>
		<c>driver_mdmzoom.inf</c>
		<c>driver_mdmzyp.inf</c>
		<c>driver_mdmzyxel.inf</c>
		<c>driver_mdmzyxlg.inf</c>
		<c>driver_megasas2i.inf</c>
		<c>driver_megasas35i.inf</c>
		<c>driver_megasr.inf</c>
		<c>driver_mgtdyn.inf</c>
		<c>driver_miradisp.inf</c>
		<c>driver_mlx4_bus.inf</c>
		<c>driver_modemcsa.inf</c>
		<c>driver_msclmd.inf</c>
		<c>driver_msdri.inf</c>
		<c>driver_msdv.inf</c>
		<c>driver_msgpiowin32.inf</c>
		<c>driver_msports.inf</c>
		<c>driver_msux64w10.inf</c>
		<c>driver_mvumis.inf</c>
		<c>driver_net1yx64.inf</c>
		<c>driver_net44amd.inf</c>
		<c>driver_net7400-x64-n650.inf</c>
		<c>driver_net7500-x64-n650f.inf</c>
		<c>driver_net7800-x64-n650f.inf</c>
		<c>driver_net9500-x64-n650f.inf</c>
		<c>driver_netathr10x.inf</c>
		<c>driver_netax88179_178a.inf</c>
		<c>driver_netax88772.inf</c>
		<c>driver_netbc64.inf</c>
		<c>driver_netbvbda.inf</c>
		<c>driver_netbxnda.inf</c>
		<c>driver_nete1e3e.inf</c>
		<c>driver_netefe3e.inf</c>
		<c>driver_netelx.inf</c>
		<c>driver_netevbda.inf</c>
		<c>driver_netg664.inf</c>
		<c>driver_netimm.inf</c>
		<c>driver_netjme.inf</c>
		<c>driver_netk57a.inf</c>
		<c>driver_netl160a.inf</c>
		<c>driver_netl1c63x64.inf</c>
		<c>driver_netl1e64.inf</c>
		<c>driver_netl260a.inf</c>
		<c>driver_netloop.inf</c>
		<c>driver_netmlx4eth63.inf</c>
		<c>driver_netmlx5.inf</c>
		<c>driver_netmyk64.inf</c>
		<c>driver_netnvm64.inf</c>
		<c>driver_netnvma.inf</c>
		<c>driver_netrtl64.inf</c>
		<c>driver_nett4x64.inf</c>
		<c>driver_netv1x64.inf</c>
		<c>driver_netvchannel.inf</c>
		<c>driver_netvf63a.inf</c>
		<c>driver_netvg63a.inf</c>
		<c>driver_netwmbclass.inf</c>
		<c>driver_netwtw02.inf</c>
		<c>driver_netwtw06.inf</c>
		<c>driver_netxex64.inf</c>
		<c>driver_npsvctrig.inf</c>
		<c>driver_nulhpopr.inf</c>
		<c>driver_nulhprs8.inf</c>
		<c>driver_nvraid.inf</c>
		<c>driver_oposdrv.inf</c>
		<c>driver_pcmcia.inf</c>
		<c>driver_percsas2i.inf</c>
		<c>driver_percsas3i.inf</c>
		<c>driver_pluton-heci.inf</c>
		<c>driver_plutonhsp2.inf</c>
		<c>driver_pnpxinternetgatewaydevices.inf</c>
		<c>driver_prnms007.inf</c>
		<c>driver_prnms008.inf</c>
		<c>driver_prnms010.inf</c>
		<c>driver_prnms011.inf</c>
		<c>driver_prnms012.inf</c>
		<c>driver_prnms014.inf</c>
		<c>driver_prnms015.inf</c>
		<c>driver_qd3x64.inf</c>
		<c>driver_rdcameradriver.inf</c>
		<c>driver_rdpbus.inf</c>
		<c>driver_remoteposdrv.inf</c>
		<c>driver_rhproxy.inf</c>
		<c>driver_rtux64w10.inf</c>
		<c>driver_rtwlanu_oldic.inf</c>
		<c>driver_sbp2.inf</c>
		<c>driver_scmbus.inf</c>
		<c>driver_scrawpdo.inf</c>
		<c>driver_scsidev.inf</c>
		<c>driver_scunknown.inf</c>
		<c>driver_sdbus.inf</c>
		<c>driver_sdstor.inf</c>
		<c>driver_sensorsalsdriver.inf</c>
		<c>driver_sensorshidclassdriver.inf</c>
		<c>driver_sensorsservicedriver.inf</c>
		<c>driver_sisraid2.inf</c>
		<c>driver_sisraid4.inf</c>
		<c>driver_smartsamd.inf</c>
		<c>driver_spaceport.inf</c>
		<c>driver_stexstor.inf</c>
		<c>driver_sti.inf</c>
		<c>driver_storufs.inf</c>
		<c>driver_tape.inf</c>
		<c>driver_termkbd.inf</c>
		<c>driver_termmou.inf</c>
		<c>driver_tpm.inf</c>
		<c>driver_tpmvsc.inf</c>
		<c>driver_ts_generic.inf</c>
		<c>driver_tsgenericusbdriver.inf</c>
		<c>driver_tsprint.inf</c>
		<c>driver_tsusbhubfilter.inf</c>
		<c>driver_urschipidea.inf</c>
		<c>driver_urssynopsys.inf</c>
		<c>driver_usbcciddriver.inf</c>
		<c>driver_usbcir.inf</c>
		<c>driver_usbncm.inf</c>
		<c>driver_usbnet.inf</c>
		<c>driver_usbser.inf</c>
		<c>driver_v_mscdsc.inf</c>
		<c>driver_virtdisk.inf</c>
		<c>driver_vsmraid.inf</c>
		<c>driver_vstxraid.inf</c>
		<c>driver_wdmvsc.inf</c>
		<c>driver_wfcvsc.inf</c>
		<c>driver_wgencounter.inf</c>
		<c>driver_whvcrash.inf</c>
		<c>driver_whyperkbd.inf</c>
		<c>driver_windowstrustedrtproxy.inf</c>
		<c>driver_wmbclass_wmc_union.inf</c>
		<c>driver_wnetvsc.inf</c>
		<c>driver_ws3cap.inf</c>
		<c>driver_wsdprint.inf</c>
		<c>driver_wsdscdrv.inf</c>
		<c>driver_wstorflt.inf</c>
		<c>driver_wstorvsc.inf</c>
		<c>driver_wudfusbcciddriver.inf</c>
		<c>driver_wvid.inf</c>
		<c>driver_wvmbus.inf</c>
		<c>driver_wvmbushid.inf</c>
		<c>driver_wvmbusvideo.inf</c>
		<c>driver_wvmgid.inf</c>
		<c>driver_wvmic_ext.inf</c>
		<c>driver_wvmic_guestinterface.inf</c>
		<c>driver_wvmic_heartbeat.inf</c>
		<c>driver_wvmic_kvpexchange.inf</c>
		<c>driver_wvmic_shutdown.inf</c>
		<c>driver_wvmic_timesync.inf</c>
		<c>driver_wvpci.inf</c>
		<c>driver_xboxgip.inf</c>
		<c>driver_ykinx64.inf</c>
		<c>dvdplay 'DVD Play'</c>
		<c>e2a4f912-2574-4a75-9bb0-0d023378592b 'App Resolver'</c>
		<c>eaphost 'Extensible Authentication Protocol (EAP)'</c>
		<c>easeofaccessthemes 'Ease Of Access Themes'</c>
		<c>edgehtml32 'HTML Viewer - 32 bit'</c>
		<c>edgeupdate 'Microsoft Edge Update'</c>
		<c>edgewebview 'Microsoft Edge WebView'</c>
		<c>encprovider 'Windows Encryption Provider Host Service'</c>
		<c>enhancedstorage 'Enhanced Storage'</c>
		<c>enterpriseclientsync 'Work Folders Client'</c>
		<c>enterprisedataprotection 'Enterprise Data Protection (EDP/WIP)'</c>
		<c>errorreporting 'Windows Error Reporting'</c>
		<c>eudcedit 'Private Character Editor'</c>
		<c>eventtracing 'Event Tracing for Windows (ETW)'</c>
		<c>exchangeactivesync 'Exchange ActiveSync (EAS)'</c>
		<c>f46d4000-fd22-4db4-ac8e-4e1ddde828fe 'Add Folder Suggestions dialog'</c>
		<c>facerecognition 'Face Recognition'</c>
		<c>fciclient 'File Server Resource Manager'</c>
		<c>fclip 'Client License Platform - Flexible (fclip)'</c>
		<c>filehistory 'File History'</c>
		<c>filerevocationmanager 'File Revocation Manager - 32 bit'</c>
		<c>filetrace 'File Trace MiniFilter'</c>
		<c>firstlogonanim 'First-logon animation'</c>
		<c>flipgridpwa 'Flipgrid PWA (InboxApp)'</c>
		<c>folderredirection 'Folder Redirection'</c>
		<c>font_bahnschrift 'Bahnschrift'</c>
		<c>font_cambria_regular 'Cambria &amp; Cambria Math'</c>
		<c>font_candara 'Candara'</c>
		<c>font_constantia 'Constantia'</c>
		<c>font_corbel 'Corbel'</c>
		<c>font_ebrima 'Ebrima'</c>
		<c>font_ebrimabold 'Ebrima Bold'</c>
		<c>font_fixed 'Fixed'</c>
		<c>font_franklingothic 'FranklinGothic'</c>
		<c>font_gabriola 'Gabriola'</c>
		<c>font_gadugi 'Gadugi'</c>
		<c>font_gadugibold 'Gadugi Bold'</c>
		<c>font_inkfree 'Ink Free'</c>
		<c>font_javanesetext 'Javanese Text'</c>
		<c>font_leelawadeeui 'LeelawadeeUI'</c>
		<c>font_leelawadeeui_regular 'Leelawadee UI'</c>
		<c>font_malgungothic 'Malgun Gothic'</c>
		<c>font_malgungothicbold 'Malgun Gothic Bold'</c>
		<c>font_malgungothicsemilight 'Malgun Gothic SemiLight'</c>
		<c>font_microsofthimalaya 'Microsoft Himalaya'</c>
		<c>font_microsoftjhenghei 'Microsoft JhengHei &amp; Microsoft JhengHei UI'</c>
		<c>font_microsoftjhengheibold 'Microsoft JhengHei Bold &amp; Microsoft JhengHei UI Bold'</c>
		<c>font_microsoftjhengheilight 'Microsoft JhengHei Light &amp; Microsoft JhengHei UI Light'</c>
		<c>font_microsoftyahei 'Microsoft YaHei &amp; Microsoft YaHei UI'</c>
		<c>font_microsoftyaheibold 'Microsoft YaHei Bold &amp; Microsoft YaHei UI Bold'</c>
		<c>font_microsoftyaheilight 'Microsoft YaHei Light &amp; Microsoft YaHei UI Light'</c>
		<c>font_mingliub 'MingLiU-ExtB &amp; PMingLiU-ExtB &amp; MingLiU_HKSCS-ExtB'</c>
		<c>font_mongolianbaiti 'Mongolian Baiti'</c>
		<c>font_msgothic 'MS Gothic &amp; MS UI Gothic &amp; MS PGothic'</c>
		<c>font_mvboli 'MV Boli'</c>
		<c>font_myanmartext 'Myanmar Text'</c>
		<c>font_myanmartextbold 'Myanmar Text Bold'</c>
		<c>font_newtailue 'Microsoft New Tai Lue'</c>
		<c>font_newtailuebold 'Microsoft New Tai Lue Bold'</c>
		<c>font_nirmalaui 'Nirmala UI &amp; Nirmala UI Bold &amp; Nirmala UI Semilight &amp; Nirmala Text &amp; Nirmala Text Bold &amp; Nirmala Text Semilight'</c>
		<c>font_palatinolinotype 'PalatinoLinotype'</c>
		<c>font_phagspa 'Microsoft PhagsPa'</c>
		<c>font_phagspabold 'Microsoft PhagsPa Bold'</c>
		<c>font_segoeprint 'Segoe Print'</c>
		<c>font_segoeprintbold 'Segoe Print Bold'</c>
		<c>font_segoescript 'SegoeScript'</c>
		<c>font_segoeui_italicssupplement 'SegoeUI ItalicsSupplement'</c>
		<c>font_simsun 'SimSun &amp; NSimSun'</c>
		<c>font_simsunb 'SimSun-ExtB'</c>
		<c>font_sitka 'Sitka'</c>
		<c>font_sylfaen 'Sylfaen'</c>
		<c>font_symbol 'Symbol'</c>
		<c>font_taile 'Microsoft Tai Le'</c>
		<c>font_tailebold 'Microsoft Tai Le Bold'</c>
		<c>font_vector 'Vector'</c>
		<c>font_webdings 'Webdings'</c>
		<c>font_wingdings 'Wingdings'</c>
		<c>font_yibaiti 'Microsoft Yi Baiti'</c>
		<c>font_yugothic 'Yu Gothic Regular &amp; Yu Gothic UI Semilight'</c>
		<c>font_yugothicbold 'Yu Gothic Bold &amp; Yu Gothic UI Semibold &amp; Yu Gothic UI Bold'</c>
		<c>font_yugothiclight 'Yu Gothic Light &amp; Yu Gothic UI Light'</c>
		<c>fontpreviewer32 'Font previewer - 32 bit'</c>
		<c>frameserver 'Camera Frame Server'</c>
		<c>frameservernet 'Networked Camera Source'</c>
		<c>gameexplorer 'Game Explorer'</c>
		<c>gamingperipherals 'Gaming Peripherals (Xbox GIP)'</c>
		<c>graphicsperfsvc 'Graphics performance monitor service'</c>
		<c>guardedhost 'Guarded Host'</c>
		<c>hbaapi 'Host Bus Adapter (HBA) API'</c>
		<c>help 'Windows Help content'</c>
		<c>helpsupport 'Help file support (CHM)'</c>
		<c>hwreqchk 'Hardware Requirements Check library'</c>
		<c>hwsupport_floppy 'Floppy disk'</c>
		<c>hwsupport_infrared 'Infrared devices'</c>
		<c>hwsupport_internetprintingclient 'Internet Printing Client'</c>
		<c>hwsupport_modemsettings 'Shared modem settings (mdmgl*.inf)'</c>
		<c>hwsupport_smartcard 'Smartcard'</c>
		<c>hwsupport_telephony 'Telephony'</c>
		<c>hyperv 'Hyper-V'</c>
		<c>hypervguest 'Hyper-V Integration Services'</c>
		<c>ias 'Internet Authentication Service (IAS)'</c>
		<c>iis 'Internet Information Server (IIS)'</c>
		<c>inputswitchtoasthandler 'Input Switch Toast Handler'</c>
		<c>insiderhub 'Windows Insider Program'</c>
		<c>internetexplorer 'Internet Explorer'</c>
		<c>internetexplorer32 'Internet Explorer - 32 bit'</c>
		<c>ipt 'Identity Protection Technology (Intel IPT)'</c>
		<c>iscsi 'iSCSI Initiator'</c>
		<c>isoburn 'Windows Disc Image Burning Tool'</c>
		<c>isolatedusermode 'Virtualization-based security (VBS)'</c>
		<c>kerberos32 'Kerberos Client - 32 bit'</c>
		<c>kerneldebug 'Kernel Debugging'</c>
		<c>kl-00000401 'Arabic (101)'</c>
		<c>kl-00000402 'Bulgarian (Typewriter)'</c>
		<c>kl-00000404 'Chinese (Traditional) - US'</c>
		<c>kl-00000405 'Czech'</c>
		<c>kl-00000406 'Danish'</c>
		<c>kl-00000407 'German'</c>
		<c>kl-00000408 'Greek'</c>
		<c>kl-0000040a 'Spanish'</c>
		<c>kl-0000040b 'Finnish'</c>
		<c>kl-0000040c 'French (Legacy, AZERTY)'</c>
		<c>kl-0000040d 'Hebrew'</c>
		<c>kl-0000040e 'Hungarian'</c>
		<c>kl-0000040f 'Icelandic'</c>
		<c>kl-00000410 'Italian'</c>
		<c>kl-00000412 'Korean'</c>
		<c>kl-00000413 'Dutch'</c>
		<c>kl-00000414 'Norwegian'</c>
		<c>kl-00000415 'Polish (Programmers)'</c>
		<c>kl-00000416 'Portuguese (Brazil ABNT)'</c>
		<c>kl-00000418 'Romanian (Legacy)'</c>
		<c>kl-00000419 'Russian'</c>
		<c>kl-0000041a 'Standard'</c>
		<c>kl-0000041b 'Slovak'</c>
		<c>kl-0000041c 'Albanian'</c>
		<c>kl-0000041d 'Swedish'</c>
		<c>kl-0000041e 'Thai Kedmanee'</c>
		<c>kl-0000041f 'Turkish Q'</c>
		<c>kl-00000420 'Urdu'</c>
		<c>kl-00000422 'Ukrainian'</c>
		<c>kl-00000423 'Belarusian'</c>
		<c>kl-00000424 'Slovenian'</c>
		<c>kl-00000425 'Estonian'</c>
		<c>kl-00000426 'Latvian'</c>
		<c>kl-00000427 'Lithuanian IBM'</c>
		<c>kl-00000428 'Tajik'</c>
		<c>kl-00000429 'Persian'</c>
		<c>kl-0000042a 'Vietnamese'</c>
		<c>kl-0000042b 'Armenian Eastern (Legacy)'</c>
		<c>kl-0000042c 'Azerbaijani Latin'</c>
		<c>kl-0000042e 'Sorbian Standard (Legacy)'</c>
		<c>kl-0000042f 'Macedonian'</c>
		<c>kl-00000432 'Setswana'</c>
		<c>kl-00000437 'Georgian (Legacy)'</c>
		<c>kl-00000438 'Faeroese'</c>
		<c>kl-00000439 'Devanagari - INSCRIPT'</c>
		<c>kl-0000043a 'Maltese 47-Key'</c>
		<c>kl-0000043b 'Norwegian with Sami'</c>
		<c>kl-0000043f 'Kazakh'</c>
		<c>kl-00000440 'Kyrgyz Cyrillic'</c>
		<c>kl-00000442 'Turkmen'</c>
		<c>kl-00000444 'Tatar (Legacy)'</c>
		<c>kl-00000445 'Bangla'</c>
		<c>kl-00000446 'Punjabi'</c>
		<c>kl-00000447 'Gujarati'</c>
		<c>kl-00000448 'Odia'</c>
		<c>kl-00000449 'Tamil'</c>
		<c>kl-0000044a 'Telugu'</c>
		<c>kl-0000044b 'Kannada'</c>
		<c>kl-0000044c 'Malayalam'</c>
		<c>kl-0000044d 'Assamese - INSCRIPT'</c>
		<c>kl-0000044e 'Marathi'</c>
		<c>kl-00000450 'Mongolian Cyrillic'</c>
		<c>kl-00000451 'Tibetan (PRC)'</c>
		<c>kl-00000452 'United Kingdom Extended'</c>
		<c>kl-00000453 'Khmer'</c>
		<c>kl-00000454 'Lao'</c>
		<c>kl-0000045a 'Syriac'</c>
		<c>kl-0000045b 'Sinhala'</c>
		<c>kl-0000045c 'Cherokee Nation'</c>
		<c>kl-00000461 'Nepali'</c>
		<c>kl-00000463 'Pashto (Afghanistan)'</c>
		<c>kl-00000465 'Divehi Phonetic'</c>
		<c>kl-00000468 'Hausa'</c>
		<c>kl-0000046a 'Yoruba'</c>
		<c>kl-0000046c 'Sesotho sa Leboa'</c>
		<c>kl-0000046d 'Bashkir'</c>
		<c>kl-0000046e 'Luxembourgish'</c>
		<c>kl-0000046f 'Greenlandic'</c>
		<c>kl-00000470 'Igbo'</c>
		<c>kl-00000474 'Guarani'</c>
		<c>kl-00000475 'Hawaiian'</c>
		<c>kl-00000480 'Uyghur (Legacy)'</c>
		<c>kl-00000481 'Maori'</c>
		<c>kl-00000485 'Sakha'</c>
		<c>kl-00000488 'Wolof'</c>
		<c>kl-00000492 'Central Kurdish'</c>
		<c>kl-00000804 'Chinese (Simplified) - US'</c>
		<c>kl-00000807 'Swiss German'</c>
		<c>kl-00000809 'United Kingdom'</c>
		<c>kl-0000080a 'Latin American'</c>
		<c>kl-0000080c 'Belgian French'</c>
		<c>kl-00000813 'Belgian (Period)'</c>
		<c>kl-00000816 'Portuguese'</c>
		<c>kl-0000081a 'Serbian (Latin)'</c>
		<c>kl-0000082c 'Azerbaijani Cyrillic'</c>
		<c>kl-0000083b 'Swedish with Sami'</c>
		<c>kl-00000843 'Uzbek Cyrillic'</c>
		<c>kl-00000850 'Mongolian (Mongolian Script)'</c>
		<c>kl-0000085d 'Inuktitut - Latin'</c>
		<c>kl-0000085f 'Central Atlas Tamazight'</c>
		<c>kl-00000c04 'Chinese (Traditional, Hong Kong S.A.R.) - US'</c>
		<c>kl-00000c0c 'Canadian French (Legacy)'</c>
		<c>kl-00000c1a 'Serbian (Cyrillic)'</c>
		<c>kl-00000c51 'Dzongkha'</c>
		<c>kl-00001004 'Chinese (Simplified, Singapore) - US'</c>
		<c>kl-00001009 'Canadian French'</c>
		<c>kl-0000100c 'Swiss French'</c>
		<c>kl-0000105f 'Tifinagh (Basic)'</c>
		<c>kl-00001404 'Chinese (Traditional, Macao S.A.R.) - US'</c>
		<c>kl-00001409 'NZ Aotearoa'</c>
		<c>kl-00001809 'Irish'</c>
		<c>kl-0000201a 'Bosnian (Cyrillic)'</c>
		<c>kl-00004009 'English (India)'</c>
		<c>kl-00010401 'Arabic (102)'</c>
		<c>kl-00010402 'Bulgarian (Latin)'</c>
		<c>kl-00010405 'Czech (QWERTY)'</c>
		<c>kl-00010407 'German (IBM)'</c>
		<c>kl-00010408 'Greek (220)'</c>
		<c>kl-00010409 'United States-Dvorak'</c>
		<c>kl-0001040a 'Spanish Variation'</c>
		<c>kl-0001040e 'Hungarian 101-key'</c>
		<c>kl-00010410 'Italian (142)'</c>
		<c>kl-00010415 'Polish (214)'</c>
		<c>kl-00010416 'Portuguese (Brazil ABNT2)'</c>
		<c>kl-00010418 'Romanian (Standard)'</c>
		<c>kl-00010419 'Russian (Typewriter)'</c>
		<c>kl-0001041b 'Slovak (QWERTY)'</c>
		<c>kl-0001041e 'Thai Pattachote'</c>
		<c>kl-0001041f 'Turkish F'</c>
		<c>kl-00010426 'Latvian (QWERTY)'</c>
		<c>kl-00010427 'Lithuanian'</c>
		<c>kl-0001042b 'Armenian Western (Legacy)'</c>
		<c>kl-0001042c 'Azerbaijani (Standard)'</c>
		<c>kl-0001042e 'Sorbian Extended'</c>
		<c>kl-0001042f 'Macedonian - Standard'</c>
		<c>kl-00010437 'Georgian (QWERTY)'</c>
		<c>kl-00010439 'Hindi Traditional'</c>
		<c>kl-0001043a 'Maltese 48-Key'</c>
		<c>kl-0001043b 'Sami Extended Norway'</c>
		<c>kl-00010444 'Tatar'</c>
		<c>kl-00010445 'Bangla - INSCRIPT (Legacy)'</c>
		<c>kl-00010451 'Tibetan (PRC) - Updated'</c>
		<c>kl-00010453 'Khmer (NIDA)'</c>
		<c>kl-0001045a 'Syriac Phonetic'</c>
		<c>kl-0001045b 'Sinhala - Wij 9'</c>
		<c>kl-0001045c 'Cherokee Phonetic'</c>
		<c>kl-0001045d 'Inuktitut - Naqittaut'</c>
		<c>kl-00010465 'Divehi Typewriter'</c>
		<c>kl-00010480 'Uyghur'</c>
		<c>kl-0001080c 'Belgian (Comma)'</c>
		<c>kl-0001083b 'Finnish with Sami'</c>
		<c>kl-00010850 'Traditional Mongolian (Standard)'</c>
		<c>kl-00010c00 'Myanmar (Phonetic order)'</c>
		<c>kl-00011009 'Canadian Multilingual Standard'</c>
		<c>kl-0001105f 'Tifinagh (Extended)'</c>
		<c>kl-00011809 'Scottish Gaelic'</c>
		<c>kl-00020401 'Arabic (102) AZERTY'</c>
		<c>kl-00020402 'Bulgarian (Phonetic)'</c>
		<c>kl-00020405 'Czech Programmers'</c>
		<c>kl-00020408 'Greek (319)'</c>
		<c>kl-00020409 'United States-International'</c>
		<c>kl-0002040d 'Hebrew (Standard)'</c>
		<c>kl-00020418 'Romanian (Programmers)'</c>
		<c>kl-00020419 'Russian - Mnemonic'</c>
		<c>kl-0002041e 'Thai Kedmanee (non-ShiftLock)'</c>
		<c>kl-00020422 'Ukrainian (Enhanced)'</c>
		<c>kl-00020426 'Latvian (Standard)'</c>
		<c>kl-00020427 'Lithuanian Standard'</c>
		<c>kl-0002042b 'Armenian Phonetic'</c>
		<c>kl-0002042e 'Sorbian Standard'</c>
		<c>kl-00020437 'Georgian (Ergonomic)'</c>
		<c>kl-00020445 'Bangla - INSCRIPT'</c>
		<c>kl-00020449 'Tamil 99'</c>
		<c>kl-0002083b 'Sami Extended Finland-Sweden'</c>
		<c>kl-00020c00 'New Tai Lue'</c>
		<c>kl-00030402 'Bulgarian'</c>
		<c>kl-00030408 'Greek (220) Latin'</c>
		<c>kl-0003041e 'Thai Pattachote (non-ShiftLock)'</c>
		<c>kl-0003042b 'Armenian Typewriter'</c>
		<c>kl-00030437 'Georgian (MES)'</c>
		<c>kl-00030449 'Tamil Anjal'</c>
		<c>kl-00030c00 'Tai Le'</c>
		<c>kl-00040402 'Bulgarian (Phonetic Traditional)'</c>
		<c>kl-00040408 'Greek (319) Latin'</c>
		<c>kl-00040437 'Georgian (Old Alphabets)'</c>
		<c>kl-00040c00 'Ogham'</c>
		<c>kl-00050408 'Greek Latin'</c>
		<c>kl-00050409 'US English Table for IBM Arabic 238_L'</c>
		<c>kl-00050429 'Persian (Standard)'</c>
		<c>kl-00060408 'Greek Polytonic'</c>
		<c>kl-00070c00 'Lisu (Basic)'</c>
		<c>kl-00080c00 'Lisu (Standard)'</c>
		<c>kl-00090c00 'N’Ko'</c>
		<c>kl-000a0c00 'Phags-pa'</c>
		<c>kl-000b0c00 'Buginese'</c>
		<c>kl-000c0c00 'Gothic'</c>
		<c>kl-000d0c00 'Ol Chiki'</c>
		<c>kl-000e0c00 'Osmanya'</c>
		<c>kl-000f0c00 'Old Italic'</c>
		<c>kl-00100c00 'Sora'</c>
		<c>kl-00110c00 'Javanese'</c>
		<c>kl-00120c00 'Futhark'</c>
		<c>kl-00130c00 'Myanmar (Visual order)'</c>
		<c>kl-00140c00 'ADLaM'</c>
		<c>kl-00150c00 'Osage'</c>
		<c>langafrikaans 'Afrikaans'</c>
		<c>langalbanian 'Albanian'</c>
		<c>langamharic 'Amharic'</c>
		<c>langarabic 'Arabic'</c>
		<c>langarmenian 'Armenian'</c>
		<c>langassamese 'Assamese'</c>
		<c>langazerbaijani 'Azerbaijani'</c>
		<c>langbasque 'Basque'</c>
		<c>langbelarusian 'Belarusian'</c>
		<c>langbengali_india 'Bengali (India)'</c>
		<c>langbosnian 'Bosnian'</c>
		<c>langbulgarian 'Bulgarian'</c>
		<c>langcatalan 'Catalan'</c>
		<c>langcherokee 'Cherokee'</c>
		<c>langchineses 'Chinese Simplified'</c>
		<c>langchineset 'Chinese Traditional'</c>
		<c>langcroatian 'Croatian'</c>
		<c>langczech 'Czech'</c>
		<c>langdanish 'Danish'</c>
		<c>langdutch 'Dutch'</c>
		<c>langenglishgb 'English (GB)'</c>
		<c>langestonian 'Estonian'</c>
		<c>langfilipino 'Filipino'</c>
		<c>langfinnish 'Finnish'</c>
		<c>langfrench 'French'</c>
		<c>langfrenchcanadian 'French (Canadian)'</c>
		<c>langgalician 'Galician'</c>
		<c>langgeorgian 'Georgian'</c>
		<c>langgerman 'German'</c>
		<c>langgreek 'Greek'</c>
		<c>langgujarati 'Gujarati'</c>
		<c>langhebrew 'Hebrew'</c>
		<c>langhindi 'Hindi'</c>
		<c>langhungarian 'Hungarian'</c>
		<c>langicelandic 'Icelandic'</c>
		<c>langime 'Input Method Editor (IME)'</c>
		<c>langimejp 'Japanese (IME)'</c>
		<c>langimeko 'Korean (IME)'</c>
		<c>langimetc 'Chinese Traditional (IME)'</c>
		<c>langindonesian 'Indonesian'</c>
		<c>langirish 'Irish'</c>
		<c>langitalian 'Italian'</c>
		<c>langjapanese 'Japanese'</c>
		<c>langkannada 'Kannada'</c>
		<c>langkazakh 'Kazakh'</c>
		<c>langkhmer 'Khmer'</c>
		<c>langkonkani 'Konkani'</c>
		<c>langkorean 'Korean'</c>
		<c>langlao 'Lao'</c>
		<c>langlatvian 'Latvian'</c>
		<c>langlithuanian 'Lithuanian'</c>
		<c>langluxembourgish 'Luxembourgish'</c>
		<c>langmacedonian 'Macedonian'</c>
		<c>langmalay_malaysia 'Malay (Malaysia)'</c>
		<c>langmalayalam 'Malayalam'</c>
		<c>langmaltese 'Maltese'</c>
		<c>langmaori 'Maori'</c>
		<c>langmarathi 'Marathi'</c>
		<c>langnepali 'Nepali'</c>
		<c>langnorwegian 'Norwegian'</c>
		<c>langodia 'Odia'</c>
		<c>langpersian 'Persian'</c>
		<c>langpolish 'Polish'</c>
		<c>langportuguesebr 'Portuguese (Brazilian)'</c>
		<c>langportuguesept 'Portuguese'</c>
		<c>langpseudolocale 'Pseudo-locale'</c>
		<c>langpunjabi 'Punjabi'</c>
		<c>langquechua 'Quechua'</c>
		<c>langromanian 'Romanian'</c>
		<c>langrussian 'Russian'</c>
		<c>langscottish 'Scottish'</c>
		<c>langserbian 'Serbian'</c>
		<c>langslovak 'Slovak'</c>
		<c>langslovenian 'Slovenian'</c>
		<c>langspanish 'Spanish'</c>
		<c>langswedish 'Swedish'</c>
		<c>langtamil 'Tamil'</c>
		<c>langtatar 'Tatar'</c>
		<c>langtelugu 'Telugu'</c>
		<c>langthai 'Thai'</c>
		<c>langturkish 'Turkish'</c>
		<c>langukrainian 'Ukrainian'</c>
		<c>langurdu 'Urdu'</c>
		<c>languyghur 'Uyghur'</c>
		<c>languzbek 'Uzbek'</c>
		<c>langvalencian 'Valencian'</c>
		<c>langvietnamese 'Vietnamese'</c>
		<c>langwelsh 'Welsh'</c>
		<c>laps 'Windows Local Administrator Password Solution(LAPS)'</c>
		<c>lcu 'Cumulative Update cache (LCU)'</c>
		<c>livecaptions 'Live Captions'</c>
		<c>location 'Location Service'</c>
		<c>lockscreens 'Lock Screen backgrounds'</c>
		<c>lpasvc 'Local Profile Assistant Service'</c>
		<c>lpksetup 'Language Pack Setup'</c>
		<c>lxss 'Windows Subsystem for Linux'</c>
		<c>mail 'Windows Mail'</c>
		<c>mailcommdll 'Windows Mail Communications Library'</c>
		<c>manifestbackup 'Manifest Backup (WinSxS\Backup)'</c>
		<c>mapcontrol 'Map Control'</c>
		<c>mdac 'Microsoft Data Access Components (MDAC)'</c>
		<c>mediaplayer 'Windows Media Player'</c>
		<c>mediaplayer32 'Windows Media Player - 32 bit'</c>
		<c>mediaplayernetworksharing 'WMP Network Sharing Service'</c>
		<c>mediaplayernetworksharing32 'WMP Network Sharing Service - 32 bit'</c>
		<c>mediastreaming 'Media Streaming'</c>
		<c>mediastreamingreceiver 'Media Streaming - Receiver'</c>
		<c>mediastreamingtransmitter 'Media Streaming - Transmitter'</c>
		<c>memorydiagnostic 'Memory Diagnostic'</c>
		<c>messagingsvc 'Messaging Service'</c>
		<c>microsoft.applicationcompatibilityenhancements 'Windows Application Compatibility Enhancements'</c>
		<c>microsoft.asynctextservice 'AsyncTextService'</c>
		<c>microsoft.av1videoextension 'AV1 Video Extension'</c>
		<c>microsoft.avcencodervideoextension 'AVC Encoder Video Extension'</c>
		<c>microsoft.bingnews 'Microsoft News'</c>
		<c>microsoft.bingsearch 'Microsoft Bing Search'</c>
		<c>microsoft.bingweather 'MSN Weather'</c>
		<c>microsoft.bioenrollment 'Windows Hello Setup'</c>
		<c>microsoft.creddialoghost 'Credential Dialog'</c>
		<c>microsoft.ecapp 'Eye Control'</c>
		<c>microsoft.gamingapp 'Xbox App'</c>
		<c>microsoft.gethelp 'Get Help'</c>
		<c>microsoft.hevcvideoextension 'HEVC Video Extensions from Device Manufacturer'</c>
		<c>microsoft.lockapp 'Windows Default Lock Screen'</c>
		<c>microsoft.microsoftedge 'Microsoft Edge (Legacy)'</c>
		<c>microsoft.microsoftedge.stable 'Microsoft Edge (Chromium)'</c>
		<c>microsoft.microsoftedgedevtoolsclient 'Microsoft Edge DevTools Client'</c>
		<c>microsoft.microsoftofficehub 'Microsoft 365 (Office)'</c>
		<c>microsoft.microsoftsolitairecollection 'Solitaire &amp; Casual Games'</c>
		<c>microsoft.microsoftstickynotes 'Microsoft Sticky Notes'</c>
		<c>microsoft.mpeg2videoextension 'MPEG-2 Video Extension'</c>
		<c>microsoft.outlookforwindows 'Outlook for Windows'</c>
		<c>microsoft.paint 'Paint'</c>
		<c>microsoft.powerautomatedesktop 'Power Automate'</c>
		<c>microsoft.rawimageextension 'Raw Image Extension'</c>
		<c>microsoft.screensketch 'Snipping Tool'</c>
		<c>microsoft.sechealthui 'Windows Defender'</c>
		<c>microsoft.storepurchaseapp 'Store Experience Host'</c>
		<c>microsoft.todos 'Microsoft To Do'</c>
		<c>microsoft.webmediaextensions 'Web Media Extensions'</c>
		<c>microsoft.win32webviewhost 'Desktop App Web Viewer'</c>
		<c>microsoft.windows.apprep.chxapp 'SmartScreen'</c>
		<c>microsoft.windows.assignedaccesslockapp 'Assigned Access Lock app'</c>
		<c>microsoft.windows.capturepicker 'Capture Picker'</c>
		<c>microsoft.windows.contentdeliverymanager 'Content Delivery Manager'</c>
		<c>microsoft.windows.devhome 'Dev Home'</c>
		<c>microsoft.windows.narratorquickstart 'Narrator'</c>
		<c>microsoft.windows.oobenetworkcaptiveportal 'Captive Portal Flow'</c>
		<c>microsoft.windows.oobenetworkconnectionflow 'Network Connection Flow'</c>
		<c>microsoft.windows.parentalcontrols 'Microsoft Family Safety'</c>
		<c>microsoft.windows.peopleexperiencehost 'Windows Shell Experience'</c>
		<c>microsoft.windows.photos 'Microsoft Photos'</c>
		<c>microsoft.windows.pinningconfirmationdialog 'PinningConfirmationDialog'</c>
		<c>microsoft.windows.secureassessmentbrowser 'Take a Test'</c>
		<c>microsoft.windows.xgpuejectdialog 'Safely Remove Device'</c>
		<c>microsoft.windowsalarms 'Windows Clock'</c>
		<c>microsoft.windowsappruntime.1.3 'WindowsAppRuntime.1.3'</c>
		<c>microsoft.windowscalculator 'Windows Calculator'</c>
		<c>microsoft.windowscamera 'Windows Camera'</c>
		<c>microsoft.windowsfeedbackhub 'Feedback Hub'</c>
		<c>microsoft.windowsnotepad 'Windows Notepad'</c>
		<c>microsoft.windowssoundrecorder 'Windows Sound Recorder'</c>
		<c>microsoft.windowsstore 'Windows Store'</c>
		<c>microsoft.windowsterminal 'Windows Terminal'</c>
		<c>microsoft.xbox.tcui 'Xbox TCUI'</c>
		<c>microsoft.xboxgamecallableui 'Xbox Game UI'</c>
		<c>microsoft.xboxgamingoverlay 'Game Bar'</c>
		<c>microsoft.xboxidentityprovider 'Xbox Identity Provider'</c>
		<c>microsoft.xboxspeechtotextoverlay 'Game Speech Window'</c>
		<c>microsoft.yourphone 'Phone Link'</c>
		<c>microsoft.zunemusic 'Windows Media Player'</c>
		<c>microsoftcorporationii.quickassist 'Quick Assist'</c>
		<c>microsoftwindows.client.aix 'Windows Copilot (Windows Feature Experience Pack)'</c>
		<c>microsoftwindows.client.coreai 'Windows Feature Experience Pack - CoreAI'</c>
		<c>microsoftwindows.client.webexperience 'Windows Web Experience Pack'</c>
		<c>microsoftwindows.crossdevice 'Cross Device Experience Host'</c>
		<c>midi 'Microsoft GS Wavetable SW Synth (MIDI)'</c>
		<c>migwiz 'Easy Transfer'</c>
		<c>mmga 'MMGA MAPI'</c>
		<c>mobiledevicemanagement 'Mobile Device Management (MDM)'</c>
		<c>mobilepc</c>
		<c>mobilepc_location 'Location notifications'</c>
		<c>mobilepc_networkprojection 'Network Projection'</c>
		<c>mobilepc_sensors 'Sensors'</c>
		<c>mpe 'Microsoft Privacy Engine'</c>
		<c>msmq 'Microsoft Message Queue (MSMQ)'</c>
		<c>msteams 'Microsoft Teams'</c>
		<c>multipointconnector 'MultiPoint Connector'</c>
		<c>naturalauthentication 'Natural Authentication'</c>
		<c>naturallanglegacy 'Natural Language - Legacy'</c>
		<c>ncdauto 'Network Connected Devices Auto-Setup'</c>
		<c>ndiscap 'NDIS Packet Capturing (NDISCAP)'</c>
		<c>ndisimplat 'Network Adapter Multiplexor Protocol'</c>
		<c>ndu 'Network Data Usage Monitoring Driver'</c>
		<c>netbios 'NetBIOS over TCP transport'</c>
		<c>netlogon</c>
		<c>netqos 'Quality of Service Packet Scheduler (QoS)'</c>
		<c>nettopology 'Link-Layer Topology Discovery protocol (LLTD)'</c>
		<c>nfc 'Near Field Communication (NFC)'</c>
		<c>nfsclient 'NFS Administrative Tools'</c>
		<c>notificationintelligenceplatform 'Notification Intelligence Platform'</c>
		<c>nowplaying 'Now Playing Session Manager'</c>
		<c>ntvdm 'NTVDM 16 bit subsystem'</c>
		<c>offlinefiles 'Offline Files'</c>
		<c>onedrive</c>
		<c>openssh</c>
		<c>optionalfeatures 'Optional Features'</c>
		<c>osk_acc 'On-Screen Keyboard (Accessibility tools)'</c>
		<c>oskthemes 'On-Screen Keyboard (Windows Personalization themes)'</c>
		<c>otherthemes 'Windows Personalization themes'</c>
		<c>outlookpwa 'Outlook PWA (InboxApp)'</c>
		<c>passport 'Microsoft Passport'</c>
		<c>payments</c>
		<c>pdfreader 'Windows Reader (PDF)'</c>
		<c>penservice 'Pen Service'</c>
		<c>perfmon 'Performance Monitor'</c>
		<c>performancerecorder 'Windows Performance Recorder'</c>
		<c>perftools 'Performance CMD Tools for Tracing'</c>
		<c>phonesvc 'Phone Service'</c>
		<c>photocodec 'Photo codec'</c>
		<c>photocodec32 'Photo codec - 32 bit'</c>
		<c>photoviewer 'Photo Viewer'</c>
		<c>photoviewer32 'Photo Viewer - 32 bit'</c>
		<c>picturepassword 'Picture password'</c>
		<c>pimindexmaintenancesvc 'Contact Data'</c>
		<c>pinsignin 'PIN sign-in support'</c>
		<c>pktmon 'Packet Monitor (PktMon)'</c>
		<c>pla 'Performance Logs and Alerts'</c>
		<c>pos 'Point of Service (POS)'</c>
		<c>print3d32 'Print 3D - 32 bit'</c>
		<c>printtopdf 'Print to PDF'</c>
		<c>printworkflow 'Print Workflow Service'</c>
		<c>projfs 'Projected File System (ProjFS)'</c>
		<c>pushtoinstall 'Windows PushToInstall Service'</c>
		<c>pwdless 'Intelligent Passwordless task'</c>
		<c>quiethours 'Quiet Hours (Focus Assist)'</c>
		<c>rasauto 'Remote Access Auto Connection Manager'</c>
		<c>rascmd 'Remote Access Service Client Tools'</c>
		<c>rasmans 'Remote Access Connection Manager'</c>
		<c>rdc 'Remote Differential Compression (RDC)'</c>
		<c>rdmaping 'Remote Direct Memory Access (RDMA) ping tool'</c>
		<c>rdpclient32 'Remote Desktop Client - 32 bit'</c>
		<c>rdpserver 'Remote Desktop Server'</c>
		<c>rdpserverlic 'Remote Desktop Licensing'</c>
		<c>refs 'Resilient File System (ReFS)'</c>
		<c>regedit32 'Registry Editor - 32 bit'</c>
		<c>remoteaccessservice 'Routing and Remote Access Service'</c>
		<c>remoteaccesssupport 'Routing and Remote Access support'</c>
		<c>remoteactivex32 'Remote Desktop Services ActiveX Client - 32 bit'</c>
		<c>remoteassistance 'Remote Assistance'</c>
		<c>remotefx</c>
		<c>remoteportredirector 'Remote Desktop Services Port Redirector'</c>
		<c>remoteregistry 'Remote Registry'</c>
		<c>retaildemo 'Retail Demo Content'</c>
		<c>rightsmanagement 'Rights Management support'</c>
		<c>rotationmanager 'Auto-Rotation Manager'</c>
		<c>screensavers</c>
		<c>scripto</c>
		<c>search 'Windows Search'</c>
		<c>securestartup 'BitLocker Drive Encryption'</c>
		<c>securitycenter 'Security Center'</c>
		<c>sendmail 'Send To Mail and Desktop'</c>
		<c>settingsync 'Setting Sync'</c>
		<c>sharedaccess 'Internet Connection Sharing (ICS)'</c>
		<c>sharedexperiences 'Shared Experiences'</c>
		<c>sharedpc 'Shared PC mode'</c>
		<c>sharemediacpl 'Share Media Control Panel'</c>
		<c>sihclient 'Server-Initiated Healing Client'</c>
		<c>simpletcp 'Simple TCP/IP services'</c>
		<c>skypeortc 'Skype ORTC'</c>
		<c>sleepstudy 'Sleep Study'</c>
		<c>smbv1 'SMB v1'</c>
		<c>smsrouter 'SMS Router Service'</c>
		<c>sorting 'Natural Language - Sorting'</c>
		<c>soundsdefault 'Sounds (Default)'</c>
		<c>soundthemes 'Sound Themes'</c>
		<c>sourcessxsdir 'Manual feature repository'</c>
		<c>speechapi 'Speech API'</c>
		<c>speechcommon 'Speech Recognition'</c>
		<c>speechtts 'Speech TTS'</c>
		<c>spellchecking 'Spell Checking'</c>
		<c>srumon 'Data Usage service'</c>
		<c>startexperiencesapp 'Start Experiences (InboxApp)'</c>
		<c>staticfontcache 'Static Font Cache'</c>
		<c>stepsrecorder 'Steps Recorder'</c>
		<c>storageqos 'Storage Quality of Service (Storage QoS)'</c>
		<c>storagespaces 'Storage Spaces'</c>
		<c>supportdir 'Support directory'</c>
		<c>sustainabilityservice 'Sustainability Service'</c>
		<c>synccenter 'Sync Center'</c>
		<c>sysprep 'System Preparation tool (Sysprep)'</c>
		<c>systemreset 'System Reset for Windows'</c>
		<c>systemrestore 'System Restore'</c>
		<c>tabletextservice 'Table Text Service'</c>
		<c>tabletpc 'Tablet PC'</c>
		<c>targetedcontent32 'Targeted Content Service - 32 bit'</c>
		<c>taskschdmsc32 'Task Scheduler (management console) - 32 bit'</c>
		<c>taskscheduler32 'Task Scheduler - 32 bit'</c>
		<c>telnetclient 'Telnet Client'</c>
		<c>tempcache 'Cache and temp files'</c>
		<c>textprediction 'Text prediction'</c>
		<c>tftpclient 'TFTP client'</c>
		<c>tieringengine 'Storage Tiers Management'</c>
		<c>timetraveldebugger 'Time Travel Debugger (TTD)'</c>
		<c>tpmmmc32 'Trusted Platform Module (TPM) (management console) - 32 bit'</c>
		<c>tpmvsc 'Virtual Smart Card'</c>
		<c>trkwks 'Distributed Link Tracking Client'</c>
		<c>troubleshootingsvc 'Recommended Troubleshooting service'</c>
		<c>uev 'User Experience Virtualization (UE-V)'</c>
		<c>unexpectedcodepath 'Unexpected Codepath'</c>
		<c>unistoresvc 'User Data Storage'</c>
		<c>universalprintsvc 'Universal Print Management Service'</c>
		<c>userdatasvc 'User Data Access'</c>
		<c>userdeviceregistration 'User Device Registration'</c>
		<c>voiceaccess 'Voice Access'</c>
		<c>vpn 'Virtual Private Network (VPN) support'</c>
		<c>waasassessment 'Windows Update Medic Service'</c>
		<c>wallet 'Wallet Service'</c>
		<c>wallpapers 'Wallpapers (Themes)'</c>
		<c>wcn 'Windows Connect Now (WCN)'</c>
		<c>webcamexperience 'Webcam Experience'</c>
		<c>webclient</c>
		<c>webthreatdefense 'Web Threat Defense Service'</c>
		<c>widgetsplatformruntimeapp 'Widgets Platform Runtime (InboxApp)'</c>
		<c>wifinetworkmanager 'Wi-Fi Network Manager (Wi-Fi Sense)'</c>
		<c>winai 'Windows AI Machine Learning'</c>
		<c>windows.cbspreview 'Windows Barcode Preview'</c>
		<c>windowstogo 'Windows To Go'</c>
		<c>windowsupdate 'Windows Update'</c>
		<c>winocr 'Windows TIFF IFilter (OCR)'</c>
		<c>winre 'Windows Recovery (WinRE)'</c>
		<c>winrm 'Windows Remote Management (WS-Management)'</c>
		<c>winsat 'Windows System Assessment Tool (WinSAT)'</c>
		<c>wpdbusenum 'Portable Device Enumerator Service'</c>
		<c>wwanautoconfig 'WWAN AutoConfig'</c>
		<c>xbox 'Xbox - Core'</c>
		<c>zipfolder 'Zip &amp; Cab folder'</c>
	</RemoveComponents>
	<Compatibility protectHidden="true">
		<ComponentFeatures>
			<Feature enabled="no">AppGuard</Feature>
			<Feature enabled="no">Battle.net</Feature>
			<Feature enabled="no">YubiKey</Feature>
			<Feature enabled="yes">Bluetooth</Feature>
			<Feature enabled="no">USBCamera</Feature>
			<Feature enabled="no">CapFrameX</Feature>
			<Feature enabled="no">Discord</Feature>
			<Feature enabled="no">Docker</Feature>
			<Feature enabled="no">EA Anti-Cheat</Feature>
			<Feature enabled="no">FileSharing</Feature>
			<Feature enabled="no">Hyper-V</Feature>
			<Feature enabled="no">iCloud</Feature>
			<Feature enabled="no">Kaspersky</Feature>
			<Feature enabled="no">OfficeSupport</Feature>
			<Feature enabled="yes">AppxSupport</Feature>
			<Feature enabled="no">Netflix</Feature>
			<Feature enabled="yes">NetworkDiscovery</Feature>
			<Feature enabled="no">NightLight</Feature>
			<Feature enabled="no">NvidiaSetup</Feature>
			<Feature enabled="no">OOBE</Feature>
			<Feature enabled="yes">Printing</Feature>
			<Feature enabled="no">Recommended-All</Feature>
			<Feature enabled="no">RDPServer</Feature>
			<Feature enabled="no">SamsungSwitch</Feature>
			<Feature enabled="yes">Scanning</Feature>
			<Feature enabled="no">ServicingStack</Feature>
			<Feature enabled="no">ShellSearchSupport</Feature>
			<Feature enabled="no">Spotify</Feature>
			<Feature enabled="yes">SFC</Feature>
			<Feature enabled="yes">DefaultFonts</Feature>
			<Feature enabled="no">SafeMode</Feature>
			<Feature enabled="no">TeamViewer</Feature>
			<Feature enabled="no">Recommended-Tablet</Feature>
			<Feature enabled="no">HostRefresh</Feature>
			<Feature enabled="no">USBModem</Feature>
			<Feature enabled="yes">USB</Feature>
			<Feature enabled="yes">VideoPlayback</Feature>
			<Feature enabled="no">VPN</Feature>
			<Feature enabled="no">VisualStudio</Feature>
			<Feature enabled="no">VSS</Feature>
			<Feature enabled="yes">ActivationKMS</Feature>
			<Feature enabled="yes">Activation</Feature>
			<Feature enabled="yes">WinSetup</Feature>
			<Feature enabled="no">WindowsStore</Feature>
			<Feature enabled="no">WindowsUpdate</Feature>
			<Feature enabled="yes">WLAN</Feature>
		</ComponentFeatures>
		<MachineDrivers>
			<Machine enabled="yes">HostMachine</Machine>
			<Machine enabled="no">Hyper-V VM</Machine>
			<Machine enabled="no">Parallels VM</Machine>
			<Machine enabled="no">Virtual Box VM</Machine>
			<Machine enabled="no">VMware VM</Machine>
		</MachineDrivers>
	</Compatibility>
	<Features>
		<Feature name="Client-EmbeddedLogon">true</Feature>
		<Feature name="Client-DeviceLockdown">true</Feature>
		<Feature name="DirectPlay">true</Feature>
		<Feature name="Language.Handwriting~~~en-us~0.0.1.0">false</Feature>
		<Feature name="Language.OCR~~~en-us~0.0.1.0">false</Feature>
		<Feature name="Language.Speech~~~en-us~0.0.1.0">false</Feature>
		<Feature name="Language.TextToSpeech~~~en-us~0.0.1.0">false</Feature>
		<Feature name="Language.Basic~~~en-us~0.0.1.0">false</Feature>
		<Feature name="OneCoreUAP.OneSync~~~~0.0.1.0">false</Feature>
		<Feature name="Hello.Face.20134~~~~0.0.1.0">false</Feature>
		<Feature name="LegacyComponents">true</Feature>
		<Feature name="MathRecognizer~~~~0.0.1.0">false</Feature>
		<Feature name="Microsoft-RemoteDesktopConnection">false</Feature>
		<Feature name="SmbDirect">false</Feature>
		<Feature name="Client-EmbeddedBootExp">true</Feature>
		<Feature name="Client-UnifiedWriteFilter">true</Feature>
		<Feature name="Microsoft.Windows.Ethernet.Client.Vmware.Vmxnet3~~~~0.0.1.0">false</Feature>
		<Feature name="MicrosoftWindowsPowerShellV2">false</Feature>
		<Feature name="MicrosoftWindowsPowerShellV2Root">false</Feature>
		<Feature name="Microsoft.Windows.PowerShell.ISE~~~~0.0.1.0">false</Feature>
	</Features>
	<Packages>
		<Options>
			<CleanHotfixedLeftovers>1</CleanHotfixedLeftovers>
			<OptimizeAppX>false</OptimizeAppX>
			<UpdateBootManager>false</UpdateBootManager>
		</Options>
	</Packages>
	<Commands>
		<PostUpdates>
			<!--<Command>cmd /c echo Example from [MOUNTDIR]\Windows &amp; pause</Command>-->
			<!--<Command>dism /image:[MOUNTDIR] /get-intl</Command>-->
		</PostUpdates>
	</Commands>
	<Drivers>
		<Options>
			<ReuseDriverCache>true</ReuseDriverCache>
			<ShowHidden>true</ShowHidden>
		</Options>
	</Drivers>
	<Unattended mode="1">
		<AnswerFileLocationPanther>false</AnswerFileLocationPanther>
		<AnswerFileLocationBoot>false</AnswerFileLocationBoot>
		<SaveBothArch>false</SaveBothArch>
		<EditionPrompt>false</EditionPrompt>
		<settings pass="oobeSystem">
			<component name="Microsoft-Windows-International-Core">
				<InputLocale>0409:00000409</InputLocale>
				<SystemLocale>en-US</SystemLocale>
				<UILanguage>en-US</UILanguage>
				<UILanguageFallback>en-US</UILanguageFallback>
				<UserLocale>en-US</UserLocale>
			</component>
			<component name="Microsoft-Windows-Shell-Setup">
				<TimeZone>Eastern Standard Time</TimeZone>
				<OOBE>
					<HideEULAPage>true</HideEULAPage>
					<HideLocalAccountScreen>true</HideLocalAccountScreen>
					<HideOnlineAccountScreens>true</HideOnlineAccountScreens>
					<HideWirelessSetupInOOBE>true</HideWirelessSetupInOOBE>
					<NetworkLocation>Home</NetworkLocation>
					<ProtectYourPC>3</ProtectYourPC>
					<SkipMachineOOBE>true</SkipMachineOOBE>
					<SkipUserOOBE>true</SkipUserOOBE>
				</OOBE>
			</component>
		</settings>
		<settings pass="specialize">
			<component name="Microsoft-Windows-Security-SPP-UX">
				<SkipAutoActivation>true</SkipAutoActivation>
			</component>
			<component name="Microsoft-Windows-Shell-Setup">
				<ComputerName>PC</ComputerName>
			</component>
		</settings>
		<settings pass="windowsPE">
			<component name="Microsoft-Windows-International-Core-WinPE">
				<InputLocale>0409:00000409</InputLocale>
				<SystemLocale>en-US</SystemLocale>
				<UILanguage>en-US</UILanguage>
				<UILanguageFallback>en-US</UILanguageFallback>
				<UserLocale>en-US</UserLocale>
				<SetupUILanguage>
					<UILanguage>en-US</UILanguage>
				</SetupUILanguage>
			</component>
			<component name="Microsoft-Windows-Setup">
				<Diagnostics>
					<OptIn>false</OptIn>
				</Diagnostics>
				<DynamicUpdate>
					<Enable>false</Enable>
					<WillShowUI>OnError</WillShowUI>
				</DynamicUpdate>
				<ImageInstall>
					<OSImage>
						<Compact>true</Compact>
						<WillShowUI>OnError</WillShowUI>
						<InstallFrom>
							<MetaData>
								<Key>/IMAGE/INDEX</Key>
								<Value>1</Value>
							</MetaData>
						</InstallFrom>
					</OSImage>
				</ImageInstall>
				<UserData>
					<AcceptEula>true</AcceptEula>
					<ProductKey>
						<Key></Key>
						<WillShowUI>OnError</WillShowUI>
					</ProductKey>
				</UserData>
			</component>
		</settings>
	</Unattended>
	<Tweaks>
		<Settings>
			<TweakGroup name="AutoLogger">
				<Tweak name="Circular Kernel Context Logger\Start">0</Tweak>
				<Tweak name="CloudExperienceHostOobe\Start">0</Tweak>
				<Tweak name="DefenderApiLogger\Start">0</Tweak>
				<Tweak name="DefenderAuditLogger\Start">0</Tweak>
				<Tweak name="DiagLog\Start">0</Tweak>
				<Tweak name="Diagtrack-Listener\Start">0</Tweak>
				<Tweak name="Microsoft-Windows-Rdp-Graphics-RdpIdd-Trace\Start">0</Tweak>
				<Tweak name="ReFSLog\Start">0</Tweak>
				<Tweak name="SpoolerLogger\Start">0</Tweak>
			</TweakGroup>
			<TweakGroup name="CrashControl">
				<Tweak name="CrashControl\CrashDumpEnabled">0</Tweak>
			</TweakGroup>
			<TweakGroup name="DesktopTweaks">
				<Tweak name="Accent\AccentColorMenu">4731417</Tweak>
				<Tweak name="Accent\StartColorMenu">4731417</Tweak>
				<Tweak name="Explorer\AltTabSettings">1</Tweak>
				<Tweak name="InprocServer32\"></Tweak>
				<Tweak name="NewStartPanel\{20D04FE0-3AEA-1069-A2D8-08002B30309D}">0</Tweak>
				<Tweak name="NewStartPanel\{645FF040-5081-101B-9F08-00AA002F954E}">0</Tweak>
				<Tweak name="Desktop\IconSize">32</Tweak>
				<Tweak name="QuietHours\Enable">0</Tweak>
				<Tweak name="Search\SearchboxTaskbarMode">0</Tweak>
				<Tweak name="Advanced\TaskbarAl">0</Tweak>
				<Tweak name="Advanced\TaskbarMn">0</Tweak>
				<Tweak name="Advanced\TaskbarSi">0</Tweak>
				<Tweak name="Advanced\TaskbarSmallIcons">1</Tweak>
				<Tweak name="Communications\ConfigureChatAutoInstall">0</Tweak>
				<Tweak name="Keyboard\PrintScreenKeyForSnippingEnabled">0</Tweak>
			</TweakGroup>
			<TweakGroup name="EventLogs">
				<Tweak name="Microsoft-Windows-Biometrics\Operational\Enabled">0</Tweak>
				<Tweak name="Microsoft-Windows-BitLocker\BitLocker Management\Enabled">0</Tweak>
				<Tweak name="Microsoft-Windows-BranchCache\Operational\Enabled">0</Tweak>
				<Tweak name="Microsoft-Windows-BranchCacheSMB\Operational\Enabled">0</Tweak>
				<Tweak name="Microsoft-Windows-CloudStore\Operational\Enabled">0</Tweak>
				<Tweak name="Microsoft-Windows-CodeIntegrity\Operational\Enabled">0</Tweak>
				<Tweak name="Microsoft-Windows-CorruptedFileRecovery-Client\Operational\Enabled">0</Tweak>
				<Tweak name="Microsoft-Windows-CorruptedFileRecovery-Server\Operational\Enabled">0</Tweak>
				<Tweak name="Microsoft-Windows-Deduplication\Diagnostic\Enabled">0</Tweak>
				<Tweak name="Microsoft-Windows-Deduplication\Operational\Enabled">0</Tweak>
				<Tweak name="Microsoft-Windows-Deduplication\Scrubbing\Enabled">0</Tweak>
				<Tweak name="Microsoft-Windows-DeviceGuard\Operational\Enabled">0</Tweak>
				<Tweak name="Microsoft-Windows-DeviceManagement-Enterprise-Diagnostics-Provider\Admin\Enabled">0</Tweak>
				<Tweak name="Microsoft-Windows-DeviceManagement-Enterprise-Diagnostics-Provider\Operational\Enabled">0</Tweak>
				<Tweak name="Microsoft-Windows-OfflineFiles\Operational\Enabled">0</Tweak>
				<Tweak name="Microsoft-Windows-ParentalControls\Operational\Enabled">0</Tweak>
				<Tweak name="Microsoft-Windows-Privacy-Auditing\Operational\Enabled">0</Tweak>
				<Tweak name="Microsoft-Windows-StorageSpaces-Driver\Diagnostic\Enabled">0</Tweak>
				<Tweak name="Microsoft-Windows-StorageSpaces-Driver\Operational\Enabled">0</Tweak>
				<Tweak name="Microsoft-Windows-StorageSpaces-ManagementAgent\WHC\Enabled">0</Tweak>
				<Tweak name="Microsoft-Windows-StorageSpaces-SpaceManager\Diagnostic\Enabled">0</Tweak>
				<Tweak name="Microsoft-Windows-StorageSpaces-SpaceManager\Operational\Enabled">0</Tweak>
				<Tweak name="Microsoft-Windows-Windows Defender\Operational\Enabled">0</Tweak>
				<Tweak name="Microsoft-Windows-Windows Defender\WHC\Enabled">0</Tweak>
			</TweakGroup>
			<TweakGroup name="Explorer">
				<Tweak name="OperationStatusManager\EnthusiastMode">1</Tweak>
				<Tweak name="Explorer\EnableLegacyBalloonNotifications">1</Tweak>
				<Tweak name="ControlPanel\StartupPage">1</Tweak>
				<Tweak name="ControlPanel\AllItemsIconView">1</Tweak>
				<Tweak name="Advanced\LaunchTo">1</Tweak>
				<Tweak name="Explorer\HubMode">1</Tweak>
				<Tweak name="Explorer\ShowDriveLettersFirst">4</Tweak>
				<Tweak name="Advanced\ShowTaskViewButton">0</Tweak>
				<Tweak name="Advanced\SharingWizardOn">0</Tweak>
				<Tweak name="Advanced\HideFileExt">0</Tweak>
				<Tweak name="Advanced\Hidden">1</Tweak>
			</TweakGroup>
			<TweakGroup name="PowerAndShutdown">
				<Tweak name="Power\HiberbootEnabled">0</Tweak>
			</TweakGroup>
			<TweakGroup name="Privacy">
				<Tweak name="appointments\Value">Deny</Tweak>
				<Tweak name="phoneCallHistory\Value">Deny</Tweak>
				<Tweak name="contacts\Value">Deny</Tweak>
				<Tweak name="appDiagnostics\Value">Deny</Tweak>
				<Tweak name="documentsLibrary\Value">Deny</Tweak>
				<Tweak name="email\Value">Deny</Tweak>
				<Tweak name="chat\Value">Deny</Tweak>
				<Tweak name="phoneCall\Value">Deny</Tweak>
				<Tweak name="LooselyCoupled\Value">Deny</Tweak>
				<Tweak name="Client\OptInOrOutPreference">0</Tweak>
				<Tweak name="System\AllowExperimentation">0</Tweak>
				<Tweak name="System\AllowLocation">0</Tweak>
				<Tweak name="DataCollection\AllowTelemetry">4</Tweak>
				<Tweak name="1.7\EnableAutocorrection">0</Tweak>
				<Tweak name="CloudContent\DisableWindowsConsumerFeatures">1</Tweak>
				<Tweak name="features\PaidWifi">0</Tweak>
				<Tweak name="features\WiFiSenseOpen">0</Tweak>
				<Tweak name="ContentDeliveryManager\SilentInstalledAppsEnabled">0</Tweak>
				<Tweak name="System\AllowClipboardHistory">0</Tweak>
				<Tweak name="CloudContent\DisableCloudOptimizedContent">1</Tweak>
				<Tweak name="AppCompat\DisableInventory">1</Tweak>
				<Tweak name="TrainedDataStore\HarvestContacts">0</Tweak>
				<Tweak name="InputPersonalization\RestrictImplicitTextCollection">1</Tweak>
				<Tweak name="InputPersonalization\RestrictImplicitInkCollection">1</Tweak>
				<Tweak name="Rules\NumberOfSIUFInPeriod">0</Tweak>
				<Tweak name="1.7\EnableSpellchecking">0</Tweak>
				<Tweak name="SmartGlass\UserAuthPolicy">0</Tweak>
				<Tweak name="AdvertisingInfo\Enabled">0</Tweak>
				<Tweak name="Privacy\TailoredExperiencesWithDiagnosticDataEnabled">0</Tweak>
				<Tweak name="AppSettings\Skype-UserConsentAccepted">0</Tweak>
				<Tweak name="User Profile\HttpAcceptLanguageOptOut">1</Tweak>
				<Tweak name="System\EnableActivityFeed">0</Tweak>
				<Tweak name="Advanced\Start_TrackProgs">0</Tweak>
				<Tweak name="Advanced\Start_TrackDocs">0</Tweak>
				<Tweak name="ContentDeliveryManager\SystemPaneSuggestionsEnabled">0</Tweak>
				<Tweak name="InputPersonalization\AllowInputPersonalization">0</Tweak>
				<Tweak name="Settings\AcceptedPrivacyPolicy">0</Tweak>
				<Tweak name="ContentDeliveryManager\PreInstalledAppsEnabled">0</Tweak>
				<Tweak name="ContentDeliveryManager\OemPreInstalledAppsEnabled">0</Tweak>
				<Tweak name="Windows Search\AllowCloudSearch">0</Tweak>
				<Tweak name="SystemIndex\EnableFindMyFiles">0</Tweak>
				<Tweak name="Search\BingSearchEnabled">0</Tweak>
				<Tweak name="TIPC\Enabled">0</Tweak>
				<Tweak name="System\EnableCdp">0</Tweak>
				<Tweak name="ContentDeliveryManager\SubscribedContent-338393Enabled">0</Tweak>
				<Tweak name="UserProfileEngagement\ScoobeSystemSettingEnabled">0</Tweak>
				<Tweak name="AppHost\EnableWebContentEvaluation">0</Tweak>
				<Tweak name="Settings\InsightsEnabled">0</Tweak>
				<Tweak name="AnqpCache\OsuRegistrationStatus">0</Tweak>
				<Tweak name="FlipAhead\FPEnabled">0</Tweak>
				<Tweak name="MicrosoftEdge\PhishingFilter\Enabledv9">0</Tweak>
				<Tweak name="Internet Explorer\PhishingFilter\Enabledv9">0</Tweak>
				<Tweak name="Explorer\SmartScreenEnabled">Off</Tweak>
				<Tweak name="CloudContent\DisableWindowsSpotlightFeatures">1</Tweak>
			</TweakGroup>
			<TweakGroup name="System">
				<Tweak name="Activation\Manual">1</Tweak>
				<Tweak name="Appx\AllowAutomaticAppArchiving">0</Tweak>
				<Tweak name="Winlogon\RestartApps">0</Tweak>
				<Tweak name="DiskQuota\Enable">0</Tweak>
				<Tweak name="Personalization\NoLockScreen">1</Tweak>
				<Tweak name="OOBE\BypassNRO">1</Tweak>
				<Tweak name="OneDrive\DisableFileSyncNGSC">1</Tweak>
				<Tweak name="Memory Management\PagingFiles1">C:\pagefile.sys 1024 1024</Tweak>
				<Tweak name="RDP-Tcp\UserAuthentication">0</Tweak>
				<Tweak name="Device\DevicePasswordLessBuildVersion">0</Tweak>
				<Tweak name="ReserveManager\ShippedWithReserves">0</Tweak>
				<Tweak name="LabConfig\BypassRAMCheck">1</Tweak>
				<Tweak name="LabConfig\BypassTPMCheck">1</Tweak>
				<Tweak name="StoragePolicy\01">0</Tweak>
				<Tweak name="StoragePolicy\512">0</Tweak>
				<Tweak name="StoragePolicy\256">0</Tweak>
				<Tweak name="StoragePolicy\04">0</Tweak>
				<Tweak name="System\DisableAutomaticRestartSignOn">1</Tweak>
				<Tweak name="Installer\MaxPatchCacheSize">0</Tweak>
			</TweakGroup>
			<TweakGroup name="UAC">
				<Tweak name="System\EnableLUA">0</Tweak>
				<Tweak name="System\PromptOnSecureDesktop">0</Tweak>
				<Tweak name="System\ConsentPromptBehaviorAdmin">0</Tweak>
				<Tweak name="System\EnableSecureUIAPaths">0</Tweak>
			</TweakGroup>
			<TweakGroup name="WindowsDefender">
				<Tweak name="State\AccountProtection_MicrosoftAccount_Disconnected">0</Tweak>
				<Tweak name="Notifications\DisableNotifications">1</Tweak>
				<Tweak name="Notifications\DisableEnhancedNotifications">1</Tweak>
				<Tweak name="Policy\VerifiedAndReputablePolicyState">0</Tweak>
				<Tweak name="Features\TamperProtection">0</Tweak>
				<Tweak name="Windows Defender\DisableAntiSpyware">1</Tweak>
			</TweakGroup>
			<TweakGroup name="WindowsUpdate">
				<Tweak name="DriverSearching\SearchOrderConfig">0</Tweak>
				<Tweak name="Preferences\ModelDownloadAllowed">0</Tweak>
				<Tweak name="Device Metadata\PreventDeviceMetadataFromNetwork">1</Tweak>
				<Tweak name="DeliveryOptimization\DODownloadMode">100</Tweak>
				<Tweak name="Settings\AllowAutoWindowsUpdateDownloadOverMeteredNetwork">0</Tweak>
				<Tweak name="WindowsUpdate\DisableWUfBSafeguards">1</Tweak>
				<Tweak name="Settings\IsContinuousInnovationOptedIn">0</Tweak>
				<Tweak name="7971f918-a847-4430-9279-4a52d1efe18d\RegisterWithAU">0</Tweak>
				<Tweak name="WindowsUpdate\ExcludeWUDriversInQualityUpdate">1</Tweak>
				<Tweak name="MRT\DontOfferThroughWUAU">1</Tweak>
				<Tweak name="Settings\HideMCTLink">1</Tweak>
				<Tweak name="Settings\RestartNotificationsAllowed2">0</Tweak>
				<Tweak name="AU\NoAutoUpdate">1</Tweak>
			</TweakGroup>
		</Settings>
		<Services>
			<TweakGroup name="services">
				<Tweak name="Spooler\Spooler">4</Tweak>
			</TweakGroup>
		</Services>
		<ExtraServices>
			<TweakGroup name="drivers">
				<Tweak name="amdgpio2\amdgpio2">4</Tweak>
				<Tweak name="amdi2c\amdi2c">4</Tweak>
				<Tweak name="AmdPPM\AmdPPM">4</Tweak>
				<Tweak name="Beep\Beep">4</Tweak>
				<Tweak name="cdfs\cdfs">1</Tweak>
				<Tweak name="FileCrypt\FileCrypt">4</Tweak>
				<Tweak name="i8042prt\i8042prt">4</Tweak>
				<Tweak name="NdisVirtualBus\NdisVirtualBus">4</Tweak>
				<Tweak name="Modem\Modem">4</Tweak>
				<Tweak name="UcmTcpciCx0101\UcmTcpciCx0101">4</Tweak>
				<Tweak name="udfs\udfs">1</Tweak>
				<Tweak name="umbus\umbus">4</Tweak>
				<Tweak name="vwififlt\vwififlt">4</Tweak>
				<Tweak name="vwifibus\vwifibus">4</Tweak>
				<Tweak name="bindflt\bindflt">4</Tweak>
			</TweakGroup>
		</ExtraServices>
		<ScheduledTasks>
			<TweakGroup name="Tree\Microsoft\Windows\Active Directory Rights Management Services Client">
				<Tweak name="AD RMS Rights Policy Template Management (Automated)\AD RMS Rights Policy Template Management (Automated)">remove</Tweak>
				<Tweak name="AD RMS Rights Policy Template Management (Manual)\AD RMS Rights Policy Template Management (Manual)">remove</Tweak>
			</TweakGroup>
			<TweakGroup name="Tree\Microsoft\Windows\Application Experience">
				<Tweak name="StartupAppTask\StartupAppTask">remove</Tweak>
			</TweakGroup>
			<TweakGroup name="Tree\Microsoft\Windows\ApplicationData">
				<Tweak name="appuriverifierdaily\appuriverifierdaily">remove</Tweak>
			</TweakGroup>
			<TweakGroup name="Tree\Microsoft\Windows\Chkdsk">
				<Tweak name="ProactiveScan\ProactiveScan">remove</Tweak>
			</TweakGroup>
			<TweakGroup name="Tree\Microsoft\Windows\Data Integrity Scan">
				<Tweak name="Data Integrity Check And Scan\Data Integrity Check And Scan">remove</Tweak>
				<Tweak name="Data Integrity Scan\Data Integrity Scan">remove</Tweak>
				<Tweak name="Data Integrity Scan for Crash Recovery\Data Integrity Scan for Crash Recovery">remove</Tweak>
			</TweakGroup>
			<TweakGroup name="Tree\Microsoft\Windows\DeviceDirectoryClient">
				<Tweak name="RegisterDevicePeriodic24\RegisterDevicePeriodic24">remove</Tweak>
				<Tweak name="RegisterDevicePolicyChange\RegisterDevicePolicyChange">remove</Tweak>
			</TweakGroup>
			<TweakGroup name="Tree\Microsoft\Windows\International">
				<Tweak name="Synchronize Language Settings\Synchronize Language Settings">remove</Tweak>
			</TweakGroup>
			<TweakGroup name="Tree\Microsoft\Windows\Plug and Play">
				<Tweak name="Device Install Group Policy\Device Install Group Policy">remove</Tweak>
			</TweakGroup>
			<TweakGroup name="Tree\Microsoft\Windows\Management\Provisioning">
				<Tweak name="Cellular\Cellular">remove</Tweak>
				<Tweak name="Logon\Logon">remove</Tweak>
				<Tweak name="PostResetBoot\PostResetBoot">remove</Tweak>
				<Tweak name="Retry\Retry">remove</Tweak>
				<Tweak name="RunOnReboot\RunOnReboot">remove</Tweak>
			</TweakGroup>
			<TweakGroup name="Tree\Microsoft\Windows\Registry">
				<Tweak name="RegIdleBackup\RegIdleBackup">remove</Tweak>
			</TweakGroup>
			<TweakGroup name="Tree\Microsoft\Windows\Servicing">
				<Tweak name="StartComponentCleanup\StartComponentCleanup">remove</Tweak>
			</TweakGroup>
			<TweakGroup name="Tree\Microsoft\Windows\Setup">
				<Tweak name="SetupCleanupTask\SetupCleanupTask">remove</Tweak>
			</TweakGroup>
			<TweakGroup name="Tree\Microsoft\Windows\StateRepository">
				<Tweak name="MaintenanceTasks\MaintenanceTasks">remove</Tweak>
			</TweakGroup>
			<TweakGroup name="Tree\Microsoft\Windows\TaskScheduler">
				<Tweak name="Idle Maintenance\Idle Maintenance">remove</Tweak>
				<Tweak name="Maintenance Configurator\Maintenance Configurator">remove</Tweak>
				<Tweak name="Manual Maintenance\Manual Maintenance">remove</Tweak>
				<Tweak name="Regular Maintenance\Regular Maintenance">remove</Tweak>
			</TweakGroup>
			<TweakGroup name="Tree\Microsoft\Windows\Time Synchronization">
				<Tweak name="ForceSynchronizeTime\ForceSynchronizeTime">remove</Tweak>
				<Tweak name="SynchronizeTime\SynchronizeTime">remove</Tweak>
			</TweakGroup>
			<TweakGroup name="Tree\Microsoft\Windows\Time Zone">
				<Tweak name="SynchronizeTimeZone\SynchronizeTimeZone">remove</Tweak>
			</TweakGroup>
			<TweakGroup name="Tree\Microsoft\Windows\UPnP">
				<Tweak name="UPnPHostConfig\UPnPHostConfig">remove</Tweak>
			</TweakGroup>
			<TweakGroup name="Tree\Microsoft\Windows\User Profile Service">
				<Tweak name="HiveUploadTask\HiveUploadTask">remove</Tweak>
			</TweakGroup>
			<TweakGroup name="Tree\Microsoft\Windows\Windows Activation Technologies">
				<Tweak name="ValidationTask\ValidationTask">remove</Tweak>
				<Tweak name="ValidationTaskDeadline\ValidationTaskDeadline">remove</Tweak>
			</TweakGroup>
			<TweakGroup name="Tree\Microsoft\Windows\WindowsUpdate">
				<Tweak name="Scheduled Start\Scheduled Start">remove</Tweak>
			</TweakGroup>
		</ScheduledTasks>
	</Tweaks>
	<ApplyOptions>
		<ImageTasks>
			<Task>imageSaveRebuild</Task>
			<Task>imageFormatEsd</Task>
			<Task>tweaksettings_boot.wim_01_2_64</Task>
			<Task>imageOptionsCreateIso</Task>
		</ImageTasks>
		<AutoIsoFile>C:\Users\user\Desktop\Win11.iso</AutoIsoFile>
		<AutoIsoLabel>Win11</AutoIsoLabel>
		<AutoSplitSize>4000</AutoSplitSize>
	</ApplyOptions>
	<Execution BeforeLogonMode="0">
		<Remove></Remove>
		<Change></Change>
		<Add>
			<Item type="19">
				<Path>powercfg</Path>
				<Params>/hibernate off</Params>
				<Index>0</Index>
			</Item>
		</Add>
	</Execution>
	<Registry>
		<File>C:\Users\user\Desktop\postinstall\Windows 11 files\NTLite Windows 11\RegFiles_Win11\Disable_DesktopINI_Creation.reg</File>
		<File>C:\Users\user\Desktop\postinstall\Windows 11 files\NTLite Windows 11\RegFiles_Win11\Disable_Gamebar_And_GameDVR.reg</File>
		<File>C:\Users\user\Desktop\postinstall\Windows 11 files\NTLite Windows 11\RegFiles_Win11\Disable_Spectre_Meltdown_Mititgations.reg</File>
		<File>C:\Users\user\Desktop\postinstall\Windows 11 files\NTLite Windows 11\RegFiles_Win11\DisableReopenProgramsOnLogin.reg</File>
		<File>C:\Users\user\Desktop\postinstall\Windows 11 files\NTLite Windows 11\RegFiles_Win11\DisableStartupDelay.reg</File>
		<File>C:\Users\user\Desktop\postinstall\Windows 11 files\NTLite Windows 11\RegFiles_Win11\ENABLE_AUTO_LOGON_CHECKBOX.reg</File>
		<File>C:\Users\user\Desktop\postinstall\Windows 11 files\NTLite Windows 11\RegFiles_Win11\Enable_Prefetch_Superfetch.reg</File>
		<File>C:\Users\user\Desktop\postinstall\Windows 11 files\NTLite Windows 11\RegFiles_Win11\InstallTakeOwnership.reg</File>
		<File>C:\Users\user\Desktop\postinstall\Windows 11 files\NTLite Windows 11\RegFiles_Win11\No_Security_Questions.reg</File>
		<File>C:\Users\user\Desktop\postinstall\Windows 11 files\NTLite Windows 11\RegFiles_Win11\NoSplit_SVCHOST.reg</File>
		<File>C:\Users\user\Desktop\postinstall\Windows 11 files\NTLite Windows 11\RegFiles_Win11\NukeGamebar.reg</File>
		<File>C:\Users\user\Desktop\postinstall\Windows 11 files\NTLite Windows 11\RegFiles_Win11\SFC_Disable.reg</File>
		<File>C:\Users\user\Desktop\postinstall\Windows 11 files\NTLite Windows 11\RegFiles_Win11\Shorter Hung App Timeout.reg</File>
		<File>C:\Users\user\Desktop\postinstall\Windows 11 files\NTLite Windows 11\RegFiles_Win11\Shorter Hung Service Timeout.reg</File>
		<File>C:\Users\user\Desktop\postinstall\Windows 11 files\NTLite Windows 11\RegFiles_Win11\System Managed - Last Access Updates Disabled.reg</File>
		<File>C:\Users\user\Desktop\postinstall\Windows 11 files\NTLite Windows 11\RegFiles_Win11\ClassicAltTab.reg</File>
		<File>C:\Users\user\Desktop\postinstall\Windows 11 files\NTLite Windows 11\RegFiles_Win11\CTFMON(TextInputFix).reg</File>
		<File>C:\Users\user\Desktop\postinstall\Windows 11 files\NTLite Windows 11\RegFiles_Win11\Disable Paging Executive.reg</File>
		<File>C:\Users\user\Desktop\postinstall\Windows 11 files\NTLite Windows 11\RegFiles_Win11\Disable Quick Access.reg</File>
		<File>C:\Users\user\Desktop\postinstall\Windows 11 files\NTLite Windows 11\RegFiles_Win11\Disable_Active_Probing.reg</File>
		<File>C:\Users\user\Desktop\postinstall\Windows 11 files\NTLite Windows 11\RegFiles_Win11\Disable_App_Tracking.reg</File>
	</Registry>
</Preset>
